summary_version,phase_x_bin,phase_y_bin,x_left,x_right,y_bottom,y_top,x,y,alpha,pi1,m,mean_n_cal,mean_rho,count,n_anomaly,calib_ess,max_normalized_calib_weight,p_min_anom,delta_min,rank_delta,certified_no_first_discovery,certified_no_rank_discovery,log10_m_over_alpha,log10_inverse_p_min,log10_delta_min,log10_rank_delta,auroc,perfect_separation_from_calibration,anomalies_exceed_all_inliers,exact_any_discovery,exact_power,exact_fdr,randomized_any_discovery,randomized_power,randomized_fdr,oracle_any_discovery,oracle_power,oracle_fdr
perfect-score-v2,0,0,2.25,2.4583333333333335,2.25,2.4583333333333335,2.354166666666667,2.354166666666667,0.1,0.05,23,171.28,1.195,100,1.0,77.71347837615863,0.13200128545426554,0.0046587247521712,1.071506692999376,1.071506692999376,0.66,0.66,2.361727836017593,2.33574415279114,0.02598368322645335,0.02598368322645335,0.999090909090909,True,False,0.38,0.38,0.043,0.9,0.9,0.10023809523809524,1.0,1.0,0.07916666666666666
perfect-score-v2,0,1,2.25,2.4583333333333335,2.4583333333333335,2.6666666666666665,2.354166666666667,2.5625,0.1,0.05,23,265.17,1.165,100,1.0,127.46411343927193,0.11640262568302907,0.002844089372438679,0.6541405556608961,0.6541405556608961,0.0,0.0,2.361727836017593,2.55042861380096,-0.18870077778336722,-0.18870077778336722,1.0,True,True,1.0,1.0,0.0875,1.0,1.0,0.10583333333333332,1.0,1.0,0.13
perfect-score-v2,0,2,2.25,2.4583333333333335,2.6666666666666665,2.875,2.354166666666667,2.770833333333333,0.1,0.05,23,410.34,1.195,100,1.0,190.88426283029773,0.1001375446483104,0.0017177571886650303,0.39508415339295694,0.39508415339295694,0.0,0.0,2.361727836017593,2.7689429738448252,-0.4072151378272325,-0.4072151378272325,1.0,True,True,1.0,1.0,0.056666666666666664,1.0,1.0,0.0925,1.0,1.0,0.08
perfect-score-v2,0,3,2.25,2.4583333333333335,2.875,3.0833333333333335,2.354166666666667,2.979166666666667,0.1,0.05,23,777.31,1.13,100,1.0,369.73301777079143,0.06993820885402297,0.0010857403898037288,0.24972028965485762,0.24972028965485762,0.0,0.0,2.361727836017593,2.9678392521315,-0.6061114161139064,-0.6061114161139064,0.9995454545454545,True,False,1.0,1.0,0.09133333333333332,1.0,1.0,0.13133333333333333,1.0,1.0,0.12416666666666666
perfect-score-v2,0,4,2.25,2.4583333333333335,3.0833333333333335,3.291666666666667,2.354166666666667,3.1875,0.1,0.05,23,1264.41,1.115,100,1.0,587.0175776135312,0.05602305205024024,0.0006631565629315765,0.15252600947426256,0.15252600947426256,0.0,0.0,2.361727836017593,3.1821947957488805,-0.8204669597312876,-0.8204669597312876,1.0,True,True,1.0,1.0,0.08916666666666666,1.0,1.0,0.09345238095238095,1.0,1.0,0.08916666666666666
perfect-score-v2,0,5,2.25,2.4583333333333335,3.291666666666667,3.5,2.354166666666667,3.3958333333333335,0.1,0.05,23,1942.49,1.16,100,1.0,858.0010774883266,0.04320844263849533,0.00041487841269451667,0.09542203491973889,0.09542203491973889,0.0,0.0,2.361727836017593,3.3862873165564826,-1.0245594805388891,-1.0245594805388891,1.0,True,True,1.0,1.0,0.1025,1.0,1.0,0.1175,1.0,1.0,0.11333333333333333
perfect-score-v2,0,6,2.25,2.4583333333333335,3.5,3.7083333333333335,2.354166666666667,3.604166666666667,0.1,0.05,23,3138.03,1.185,100,1.0,1469.0765090776797,0.05039919566420591,0.00025532045174280637,0.05872370390084548,0.05872370390084548,0.0,0.0,2.361727836017593,3.5969394196932076,-1.2352115836756143,-1.2352115836756143,0.9995454545454545,True,False,1.0,1.0,0.11166666666666666,1.0,1.0,0.1183333333333333,1.0,1.0,0.10833333333333332
perfect-score-v2,0,7,2.25,2.4583333333333335,3.7083333333333335,3.916666666666667,2.354166666666667,3.8125,0.1,0.05,23,5090.35,1.225,100,1.0,2251.0253090874635,0.036371245482788785,0.00015720099603135757,0.03615622908721225,0.03615622908721225,0.0,0.0,2.361727836017593,3.8073565017255278,-1.4456286657079347,-1.4456286657079347,1.0,True,True,1.0,1.0,0.12166666666666666,1.0,1.0,0.1225,1.0,1.0,0.13583333333333333
perfect-score-v2,0,8,2.25,2.4583333333333335,3.916666666666667,4.125,2.354166666666667,4.020833333333334,0.1,0.05,23,8580.77,1.165,100,1.0,4017.354517982851,0.02388513961717985,9.828626882457408e-05,0.022605841829652036,0.022605841829652036,0.0,0.0,2.361727836017593,4.012119449742099,-1.6503916137245052,-1.6503916137245052,1.0,True,True,1.0,1.0,0.11133333333333333,1.0,1.0,0.11133333333333333,1.0,1.0,0.11716666666666666
perfect-score-v2,0,9,2.25,2.4583333333333335,4.125,4.333333333333334,2.354166666666667,4.229166666666667,0.1,0.05,23,12423.46,1.25,100,1.0,5153.269328085662,0.02591280907132129,5.949957892395156e-05,0.013684903152508858,0.013684903152508858,0.0,0.0,2.361727836017593,4.22905183937645,-1.867324003358857,-1.867324003358857,1.0,True,True,1.0,1.0,0.09300000000000001,1.0,1.0,0.10300000000000001,1.0,1.0,0.1363333333333333
perfect-score-v2,0,10,2.25,2.4583333333333335,4.333333333333334,4.541666666666667,2.354166666666667,4.4375,0.1,0.05,23,21728.52,1.19,100,1.0,9545.391967909276,0.01854940289534267,3.736759504493388e-05,0.008594546860334791,0.008594546860334791,0.0,0.0,2.361727836017593,4.4312273126127,-2.069499476595107,-2.069499476595107,1.0,True,True,1.0,1.0,0.08583333333333332,1.0,1.0,0.1025,1.0,1.0,0.08583333333333332
perfect-score-v2,0,11,2.25,2.4583333333333335,4.541666666666667,4.75,2.354166666666667,4.645833333333334,0.1,0.05,23,36520.82,1.045,100,1.0,17675.48506607912,0.011902221651629004,2.3209321744891445e-05,0.005338144001325032,0.005338144001325032,0.0,0.0,2.361727836017593,4.638826596837322,-2.2770987608197286,-2.2770987608197286,1.0,True,True,1.0,1.0,0.08833333333333332,1.0,1.0,0.09333333333333332,1.0,1.0,0.09333333333333332
perfect-score-v2,1,0,2.4583333333333335,2.6666666666666665,2.25,2.4583333333333335,2.5625,2.354166666666667,0.1,0.05,37,151.52,1.38,100,2.0,57.06313303522717,0.19177939406839128,0.00441030931082519,1.6318144450053202,1.4760385957749902,1.0,0.88,2.568201724066995,2.3593506676408147,0.20885105642618076,0.1568402095397668,0.9988571428571429,True,False,0.19,0.17,0.0425,0.83,0.61,0.10805555555555553,1.0,1.0,0.09266666666666666
perfect-score-v2,1,1,2.4583333333333335,2.6666666666666665,2.4583333333333335,2.6666666666666665,2.5625,2.5625,0.1,0.05,37,253.5,1.22,100,2.0,111.24418710405648,0.12389660953473372,0.0027942467278266716,1.0338712892958684,0.9301760312051678,0.54,0.39,2.568201724066995,2.557712646408935,0.010489077658060182,-0.044713014621781004,1.0,True,True,0.65,0.49,0.0525,0.98,0.79,0.11416666666666667,1.0,1.0,0.091
perfect-score-v2,1,2,2.4583333333333335,2.6666666666666665,2.6666666666666665,2.875,2.5625,2.770833333333333,0.1,0.05,37,412.71,1.265,100,2.0,188.34384437765127,0.10843078964271417,0.0017461098042624067,0.6460606275770904,0.5797035506616293,0.0,0.0,2.568201724066995,2.7620789176866594,-0.19387719361966405,-0.24886983748475186,1.0,True,True,1.0,0.73,0.06666666666666667,1.0,0.83,0.09333333333333334,1.0,1.0,0.11314285714285717
perfect-score-v2,1,3,2.4583333333333335,2.6666666666666665,2.875,3.0833333333333335,2.5625,2.979166666666667,0.1,0.05,37,674.49,1.165,100,2.0,296.2187492804331,0.06991649721801639,0.0010727908251546286,0.39693260530721264,0.3589510396085746,0.0,0.0,2.568201724066995,2.973856629257923,-0.40565490519092817,-0.459293027618411,1.0,True,True,1.0,0.83,0.06333333333333332,1.0,0.9,0.07166666666666666,1.0,1.0,0.081
perfect-score-v2,1,4,2.4583333333333335,2.6666666666666665,3.0833333333333335,3.291666666666667,2.5625,3.1875,0.1,0.05,37,1092.11,1.25,100,2.0,453.4704062537183,0.07140764911375543,0.0006630480592531056,0.2453277819236491,0.2192450141123572,0.0,0.0,2.568201724066995,3.18246499528929,-0.6142632712222948,-0.6705639587094119,1.0,True,True,1.0,0.85,0.11866666666666667,1.0,0.89,0.13308333333333333,1.0,1.0,0.10766666666666666
perfect-score-v2,1,5,2.4583333333333335,2.6666666666666665,3.291666666666667,3.5,2.5625,3.3958333333333335,0.1,0.05,37,1782.12,1.275,100,2.0,732.3936402441142,0.05781518291400542,0.00040790855165248813,0.1509261641114206,0.13673452682514578,0.0,0.0,2.568201724066995,3.3932331384860905,-0.8250314144190963,-0.8770751055764329,1.0,True,True,1.0,0.87,0.06699999999999999,1.0,0.88,0.08033333333333333,1.0,1.0,0.07866666666666666
perfect-score-v2,1,6,2.4583333333333335,2.6666666666666665,3.5,3.7083333333333335,2.5625,3.604166666666667,0.1,0.05,37,2786.43,1.31,100,2.0,1028.8035756011934,0.04377890131698213,0.00025001715856565383,0.09250634866929192,0.08568172696928412,0.0,0.0,2.568201724066995,3.6058523270232548,-1.0376506029562607,-1.0767919996806545,1.0,True,True,1.0,0.865,0.11800000000000001,1.0,0.925,0.13433333333333336,1.0,1.0,0.12100000000000001
perfect-score-v2,1,7,2.4583333333333335,2.6666666666666665,3.7083333333333335,3.916666666666667,2.5625,3.8125,0.1,0.05,37,4723.49,1.265,100,2.0,1791.159069866837,0.02734296118863453,0.0001608446130045236,0.05951250681167374,0.053512994496707836,0.0,0.0,2.568201724066995,3.7971154179187208,-1.2289136938517253,-1.2817726104186908,1.0,True,True,1.0,0.945,0.06433333333333333,1.0,0.955,0.07314285714285713,1.0,1.0,0.08433333333333333
perfect-score-v2,1,8,2.4583333333333335,2.6666666666666665,3.916666666666667,4.125,2.5625,4.020833333333334,0.1,0.05,37,7316.71,1.325,100,2.0,2631.4535863369947,0.026558018660449396,9.608236021255574e-05,0.035550473278645627,0.03284335127574455,0.0,0.0,2.568201724066995,4.021211257165287,-1.4530095330982926,-1.4933834003001625,1.0,True,True,1.0,0.945,0.08666666666666666,1.0,0.965,0.09333333333333334,1.0,1.0,0.085
perfect-score-v2,1,9,2.4583333333333335,2.6666666666666665,4.125,4.333333333333334,2.5625,4.229166666666667,0.1,0.05,37,12703.08,1.26,100,2.0,5268.225525210768,0.02590262810394894,6.1032667407931636e-05,0.022582086940934696,0.02034829773854349,0.0,0.0,2.568201724066995,4.218542382516149,-1.6503406584491542,-1.7041772772417332,1.0,True,True,1.0,0.945,0.11533333333333333,1.0,0.97,0.122,1.0,1.0,0.10933333333333332
perfect-score-v2,1,10,2.4583333333333335,2.6666666666666665,4.333333333333334,4.541666666666667,2.5625,4.4375,0.1,0.05,37,20249.89,1.225,100,2.0,8687.765794065557,0.01711701348487356,3.760757906436204e-05,0.013914804253813955,0.012491502243918167,0.0,0.0,2.568201724066995,4.429102735656135,-1.8609010115891402,-1.91940938493114,1.0,True,True,1.0,0.975,0.11147619047619046,1.0,0.99,0.11747619047619047,1.0,1.0,0.09914285714285714
perfect-score-v2,1,11,2.4583333333333335,2.6666666666666665,4.541666666666667,4.75,2.5625,4.645833333333334,0.1,0.05,37,32494.82,1.155,100,2.0,13983.93467718412,0.008445813845394496,2.315771419565072e-05,0.008568354252390768,0.007706992210285796,0.0,0.0,2.568201724066995,4.639162143075925,-2.0709604190089292,-2.1242942846503077,1.0,True,True,1.0,0.99,0.08666666666666666,1.0,0.995,0.09,1.0,1.0,0.10833333333333334
perfect-score-v2,2,0,2.6666666666666665,2.875,2.25,2.4583333333333335,2.770833333333333,2.354166666666667,0.1,0.05,59,153.22,1.28,100,3.0,66.67289945982817,0.1646777171539052,0.0045642432998207645,2.6929035468942506,2.199328100358211,1.0,0.98,2.7708520116421442,2.3446658085404297,0.4261862031017142,0.32193235053744124,0.9985714285714287,True,False,0.04,0.04,0.0175,0.68,0.44666666666666666,0.07547619047619047,1.0,1.0,0.0912142857142857
perfect-score-v2,2,1,2.6666666666666665,2.875,2.4583333333333335,2.6666666666666665,2.770833333333333,2.5625,0.1,0.05,59,252.78,1.22,100,3.0,109.46335365938232,0.12918821515966958,0.0027771616447960857,1.6385253704296903,1.391854623324098,1.0,0.76,2.7708520116421442,2.5607464175775827,0.21010559406456106,0.12377503584642108,1.0,True,True,0.34,0.26333333333333336,0.06233333333333333,0.8,0.59,0.10960897435897435,1.0,1.0,0.0904642857142857
perfect-score-v2,2,2,2.6666666666666665,2.875,2.6666666666666665,2.875,2.770833333333333,2.770833333333333,0.1,0.05,59,402.38,1.29,100,3.0,152.41542407960844,0.08998724749016226,0.0016759918672444199,0.988835201674208,0.8386335641950593,0.42,0.27,2.7708520116421442,2.779603036536604,-0.008751024894459697,-0.09663879456610358,0.9996428571428573,True,False,0.76,0.5,0.033666666666666664,1.0,0.7233333333333333,0.08342857142857144,1.0,1.0,0.091
perfect-score-v2,2,3,2.6666666666666665,2.875,2.875,3.0833333333333335,2.770833333333333,2.979166666666667,0.1,0.05,59,630.23,1.365,100,3.0,227.09725057646259,0.1040290862329887,0.0010693008679494083,0.6308875120901509,0.5390538393885261,0.0,0.0,2.7708520116421442,2.974975034848671,-0.20412302320652728,-0.2870018078984075,0.9998214285714286,True,False,1.0,0.6766666666666665,0.08583333333333332,1.0,0.7766666666666667,0.11158333333333333,1.0,1.0,0.11549999999999999
perfect-score-v2,2,4,2.6666666666666665,2.875,3.0833333333333335,3.291666666666667,2.770833333333333,3.1875,0.1,0.05,59,967.52,1.2,100,3.0,390.80980249295453,0.06030477591816072,0.0006626480348222995,0.3909623405451566,0.3450039884304718,0.0,0.0,2.7708520116421442,3.1828064428720655,-0.41195443122992137,-0.474815964545088,0.9998214285714286,True,False,1.0,0.7733333333333333,0.05949999999999999,1.0,0.8666666666666667,0.06783333333333333,1.0,1.0,0.087
perfect-score-v2,2,5,2.6666666666666665,2.875,3.291666666666667,3.5,2.770833333333333,3.3958333333333335,0.1,0.05,59,1651.61,1.27,100,3.0,652.8454809741845,0.0650081293201897,0.0004082162570250197,0.24084759164476158,0.20499557067351593,0.0,0.0,2.7708520116421442,3.3927853028108554,-0.6219332911687109,-0.7048663653504674,1.0,True,True,1.0,0.8133333333333332,0.09813095238095239,1.0,0.8866666666666667,0.11201515151515151,1.0,1.0,0.09725
perfect-score-v2,2,6,2.6666666666666665,2.875,3.5,3.7083333333333335,2.770833333333333,3.604166666666667,0.1,0.05,59,2696.01,1.23,100,3.0,1102.9007112351705,0.03760633105197666,0.00025198732496510426,0.1486725217294115,0.12495112972766703,0.0,0.0,2.7708520116421442,3.6022437428737653,-0.8313917312316207,-0.9191260258563984,1.0,True,True,1.0,0.8533333333333334,0.09883333333333333,1.0,0.91,0.11549999999999999,1.0,1.0,0.11349999999999999
perfect-score-v2,2,7,2.6666666666666665,2.875,3.7083333333333335,3.916666666666667,2.770833333333333,3.8125,0.1,0.05,59,4372.82,1.31,100,3.0,1635.9217437625014,0.03598070953887525,0.00015790523915862675,0.0931640911035898,0.07918688829097398,0.0,0.0,2.7708520116421442,3.806185193619802,-1.0353331819776586,-1.122106827119307,1.0,True,True,1.0,0.8800000000000001,0.07266666666666667,1.0,0.93,0.08033333333333333,1.0,1.0,0.07
perfect-score-v2,2,8,2.6666666666666665,2.875,3.916666666666667,4.125,2.770833333333333,4.020833333333334,0.1,0.05,59,6587.63,1.35,100,3.0,2415.3680796844087,0.038040626518670774,9.797202554788156e-05,0.05780349507325012,0.05004330696357205,0.0,0.0,2.7708520116421442,4.01234330965643,-1.2414912980142858,-1.3186036519384328,1.0,True,True,1.0,0.8866666666666667,0.06333333333333334,1.0,0.9166666666666667,0.0805,1.0,1.0,0.07400000000000001
perfect-score-v2,2,9,2.6666666666666665,2.875,4.125,4.333333333333334,2.770833333333333,4.229166666666667,0.1,0.05,59,12457.34,1.41,100,3.0,4461.401185225646,0.03248086290798253,5.977973527892807e-05,0.03527004381456756,0.02937732089450616,0.0,0.0,2.7708520116421442,4.227661502635234,-1.456809490993091,-1.5532706548727326,1.0,True,True,1.0,0.8966666666666666,0.07533333333333334,1.0,0.94,0.07616666666666666,1.0,1.0,0.0825
perfect-score-v2,2,10,2.6666666666666665,2.875,4.333333333333334,4.541666666666667,2.770833333333333,4.4375,0.1,0.05,59,17511.65,1.315,100,3.0,6880.048332555717,0.026885953417520172,3.692115563456815e-05,0.021783481824395205,0.019032339925776676,0.0,0.0,2.7708520116421442,4.436817870634524,-1.6659658589923796,-1.7371062848107395,1.0,True,True,1.0,0.9466666666666665,0.07633333333333334,1.0,0.96,0.08616666666666667,1.0,1.0,0.085
perfect-score-v2,2,11,2.6666666666666665,2.875,4.541666666666667,4.75,2.770833333333333,4.645833333333334,0.1,0.05,59,30990.62,1.415,100,3.0,11104.570299930589,0.02583236676163657,2.3384976609578382e-05,0.013797136199651243,0.011616738221657076,0.0,0.0,2.7708520116421442,4.635532420938151,-1.864680409296008,-1.9503216251079787,1.0,True,True,1.0,0.9333333333333332,0.0805,1.0,0.9466666666666668,0.08783333333333333,1.0,1.0,0.09299999999999999
perfect-score-v2,3,0,2.875,3.0833333333333335,2.25,2.4583333333333335,2.979166666666667,2.354166666666667,0.1,0.05,95,130.09,1.36,100,5.0,50.56963466763099,0.18306995918526595,0.004416359742119984,4.195541755013985,3.193707774228723,1.0,1.0,2.9777236052888485,2.359112684954862,0.6186109203339861,0.47784183246950784,0.9987777777777778,True,False,0.02,0.013999999999999999,0.022840909090909092,0.59,0.33799999999999997,0.10123809523809524,1.0,1.0,0.10613095238095237
perfect-score-v2,3,1,2.875,3.0833333333333335,2.4583333333333335,2.6666666666666665,2.979166666666667,2.5625,0.1,0.05,95,228.19,1.35,100,5.0,86.37272509571105,0.15250444093391166,0.0027679043547757186,2.6295091370369335,1.9831493754534757,1.0,0.95,2.9777236052888485,2.5616381924143328,0.4160854128745147,0.26773078371872383,0.9993333333333334,True,False,0.09,0.064,0.03130952380952381,0.84,0.5220000000000001,0.09113690476190475,1.0,1.0,0.07660714285714286
perfect-score-v2,3,2,2.875,3.0833333333333335,2.6666666666666665,2.875,2.979166666666667,2.770833333333333,0.1,0.05,95,380.26,1.41,100,5.0,134.37519166836563,0.10963340838150946,0.0016804137115301813,1.5963930259536725,1.227075978371979,1.0,0.65,2.9777236052888485,2.7785479677362472,0.199175637552601,0.06250757800232529,0.9993333333333334,True,False,0.43,0.294,0.04530812324929972,0.87,0.598,0.10214880952380952,1.0,1.0,0.10220238095238095
perfect-score-v2,3,3,2.875,3.0833333333333335,2.875,3.0833333333333335,2.979166666666667,2.979166666666667,0.1,0.05,95,577.39,1.38,100,5.0,184.2269175702844,0.1120560897238734,0.0010522176553294858,0.9996067725630112,0.7854107484136914,0.49,0.19,2.9777236052888485,2.98250001076405,-0.004776405475201734,-0.12711898125768079,0.9998888888888888,True,False,0.83,0.508,0.06298809523809525,1.0,0.7120000000000001,0.09623015873015874,1.0,1.0,0.10013888888888887
perfect-score-v2,3,4,2.875,3.0833333333333335,3.0833333333333335,3.291666666666667,2.979166666666667,3.1875,0.1,0.05,95,979.8,1.325,100,5.0,366.1854500334903,0.08331338523019712,0.0006470748663443147,0.6147211230270991,0.4785898058919773,0.0,0.0,2.9777236052888485,3.1931359878862655,-0.21541238259741852,-0.3503723201451169,0.9997777777777778,True,False,1.0,0.65,0.06620238095238096,1.0,0.7680000000000001,0.08480952380952379,1.0,1.0,0.07761904761904762
perfect-score-v2,3,5,2.875,3.0833333333333335,3.291666666666667,3.5,2.979166666666667,3.3958333333333335,0.1,0.05,95,1548.39,1.505,100,5.0,483.9898955516864,0.07666211818700483,0.0004002668655659328,0.38025352228763615,0.297987255551309,0.0,0.0,2.9777236052888485,3.4015730609668524,-0.4238494556780054,-0.5545233859567713,1.0,True,True,1.0,0.6839999999999999,0.07687301587301587,1.0,0.7719999999999999,0.09173015873015875,1.0,1.0,0.07575396825396824
perfect-score-v2,3,6,2.875,3.0833333333333335,3.5,3.7083333333333335,2.979166666666667,3.604166666666667,0.1,0.05,95,2306.25,1.395,100,5.0,783.8257336791987,0.05798664560615273,0.00025265929860843856,0.2400263336780166,0.1933023734459242,0.0,0.0,2.9777236052888485,3.6015422385505285,-0.6238186332616804,-0.7381813823896156,1.0,True,True,1.0,0.7580000000000001,0.09453968253968252,1.0,0.8639999999999999,0.11646825396825397,1.0,1.0,0.1051984126984127
perfect-score-v2,3,7,2.875,3.0833333333333335,3.7083333333333335,3.916666666666667,2.979166666666667,3.8125,0.1,0.05,95,3996.21,1.465,100,5.0,1183.1840003726686,0.04337207610287444,0.00015902602568910014,0.15107472440464512,0.1173430452014076,0.0,0.0,2.9777236052888485,3.802175999354207,-0.8244523940653592,-0.9573864699592107,1.0,True,True,1.0,0.7680000000000001,0.08725396825396825,1.0,0.8680000000000001,0.10487301587301587,1.0,1.0,0.09702380952380953
perfect-score-v2,3,8,2.875,3.0833333333333335,3.916666666666667,4.125,2.979166666666667,4.020833333333334,0.1,0.05,95,6435.52,1.55,100,5.0,1950.4699614626415,0.04114522915747231,9.586692641628066e-05,0.09107358009546664,0.07316076856064227,0.0,0.0,2.9777236052888485,4.022115341473135,-1.0443917361842876,-1.1621466092252872,1.0,True,True,1.0,0.794,0.08343650793650793,1.0,0.85,0.0988531746031746,1.0,1.0,0.08855158730158727
perfect-score-v2,3,9,2.875,3.0833333333333335,4.125,4.333333333333334,2.979166666666667,4.229166666666667,0.1,0.05,95,10186.11,1.465,100,5.0,3291.9957864863345,0.038806923118869185,5.962375433481373e-05,0.05664256661807305,0.045362279676125015,0.0,0.0,2.9777236052888485,4.228507068406787,-1.2507834631179386,-1.3716967122803734,1.0,True,True,1.0,0.8960000000000001,0.11619841269841269,1.0,0.9419999999999998,0.12875396825396826,1.0,1.0,0.10374999999999998
perfect-score-v2,3,10,2.875,3.0833333333333335,4.333333333333334,4.541666666666667,2.979166666666667,4.4375,0.1,0.05,95,15759.16,1.57,100,5.0,4128.907877033477,0.032529381072395475,3.746873291395893e-05,0.03559529626826098,0.029451474675628458,0.0,0.0,2.9777236052888485,4.430607877296978,-1.4528842720081314,-1.5522703558630935,1.0,True,True,1.0,0.8759999999999999,0.10803571428571429,1.0,0.922,0.1064206349206349,1.0,1.0,0.11
perfect-score-v2,3,11,2.875,3.0833333333333335,4.541666666666667,4.75,2.979166666666667,4.645833333333334,0.1,0.05,95,25571.04,1.55,100,5.0,7521.778207764591,0.032875419645642466,2.2886731718565036e-05,0.021742395132636788,0.017549368385731283,0.0,0.0,2.9777236052888485,4.644645798052513,-1.6669221927636653,-1.7833642114239305,1.0,True,True,1.0,0.904,0.08352777777777776,1.0,0.9420000000000001,0.09988492063492062,1.0,1.0,0.09664682539682538
perfect-score-v2,4,0,3.0833333333333335,3.291666666666667,2.25,2.4583333333333335,3.1875,2.354166666666667,0.1,0.05,154,111.17,1.44,100,8.0,40.91192342104091,0.20461060711653306,0.004529142478040654,6.974879416182607,4.962407451518782,1.0,1.0,3.1875207208364627,2.3480563367844263,0.8394643840520366,0.6617983552927639,0.9986301369863014,True,False,0.0,0.0,0.01,0.48,0.15875,0.14751633986928103,1.0,1.0,0.10321989121989122
perfect-score-v2,4,1,3.0833333333333335,3.291666666666667,2.4583333333333335,2.6666666666666665,3.1875,2.5625,0.1,0.05,154,173.58,1.54,100,8.0,51.37877089929345,0.18053482209194371,0.0028556453177149906,4.397693789281086,3.21403176632898,1.0,1.0,3.1875207208364627,2.548433775386201,0.6390869454502621,0.47556955958074293,0.9991095890410959,True,False,0.02,0.00875,0.020178571428571428,0.7,0.29375,0.1325515873015873,1.0,1.0,0.08802020202020203
perfect-score-v2,4,2,3.0833333333333335,3.291666666666667,2.6666666666666665,2.875,3.1875,2.770833333333333,0.1,0.05,154,322.5,1.545,100,8.0,101.75240292140622,0.14109050010365967,0.0017423075696427332,2.683153657249809,1.934256651865031,1.0,0.85,3.1875207208364627,2.7627138024217497,0.42480691841471413,0.2459192966183148,0.9994520547945206,True,False,0.16,0.1325,0.026945526695526693,0.86,0.47375,0.1093835356250217,1.0,1.0,0.093987567987568
perfect-score-v2,4,3,3.0833333333333335,3.291666666666667,2.875,3.0833333333333335,3.1875,2.979166666666667,0.1,0.05,154,451.7,1.595,100,8.0,122.27409647535926,0.136804832326254,0.0010508429143000597,1.6182980880220919,1.2397671019873062,1.0,0.64,3.1875207208364627,2.9830716410650284,0.2044490797714343,0.05899201324879573,0.9997945205479453,True,False,0.41,0.25,0.0420515873015873,0.93,0.54,0.100762987012987,1.0,1.0,0.08626551226551225
perfect-score-v2,4,4,3.0833333333333335,3.291666666666667,3.0833333333333335,3.291666666666667,3.1875,3.1875,0.1,0.05,154,805.97,1.4,100,8.0,280.9370517629653,0.08557656074108283,0.0006692594984121131,1.030659627554654,0.6966496812709556,0.53,0.19,3.1875207208364627,3.178716419488984,0.008804301347479362,-0.1992642146368456,1.0,True,True,0.82,0.53375,0.061516955266955275,0.98,0.73375,0.1173553391053391,1.0,1.0,0.10158352758352757
perfect-score-v2,4,5,3.0833333333333335,3.291666666666667,3.291666666666667,3.5,3.1875,3.3958333333333335,0.1,0.05,154,1160.47,1.45,100,8.0,391.67980984038127,0.07378716168060237,0.0004052838710507426,0.6241371614181436,0.45111489409906746,0.0,0.0,3.1875207208364627,3.39640366342868,-0.2088829425922172,-0.38040801020154524,1.0,True,True,1.0,0.60125,0.08946897546897546,1.0,0.73875,0.10974278499278498,1.0,1.0,0.10550271950271949
perfect-score-v2,4,6,3.0833333333333335,3.291666666666667,3.5,3.7083333333333335,3.1875,3.604166666666667,0.1,0.05,154,2139.51,1.41,100,8.0,699.9584996546305,0.05436174809473484,0.0002461231192826863,0.3790296036953369,0.2670106565092838,0.0,0.0,3.1875207208364627,3.6123938715093833,-0.42487315067292064,-0.6086304082960711,1.0,True,True,1.0,0.69125,0.0671976911976912,1.0,0.81,0.09183261183261182,1.0,1.0,0.0832929292929293
perfect-score-v2,4,7,3.0833333333333335,3.291666666666667,3.7083333333333335,3.916666666666667,3.1875,3.8125,0.1,0.05,154,3544.91,1.61,100,8.0,965.9982202247232,0.06125806378048154,0.0001539433903157614,0.2370728210862725,0.1787620672400903,0.0,0.0,3.1875207208364627,3.8170575791248895,-0.6295368582884268,-0.7841504924158099,0.9998630136986302,True,False,1.0,0.69375,0.08399963924963924,1.0,0.79625,0.09735966810966809,1.0,1.0,0.09753535353535352
perfect-score-v2,4,8,3.0833333333333335,3.291666666666667,3.916666666666667,4.125,3.1875,4.020833333333334,0.1,0.05,154,5202.9,1.465,100,8.0,1733.8706959760343,0.0549331709244063,9.42691883338184e-05,0.14517455003408034,0.10278548082853853,0.0,0.0,3.1875207208364627,4.029765026555165,-0.8422443057187027,-1.031827298458478,0.9999315068493151,True,False,1.0,0.80375,0.07272655122655122,1.0,0.865,0.09698629148629148,1.0,1.0,0.09290909090909091
perfect-score-v2,4,9,3.0833333333333335,3.291666666666667,4.125,4.333333333333334,3.1875,4.229166666666667,0.1,0.05,154,8923.36,1.525,100,8.0,3083.2607809548826,0.045687768788385395,5.9466581891544304e-05,0.09157853611297818,0.06643963712478292,0.0,0.0,3.1875207208364627,4.229776577733207,-1.0422558568967444,-1.2232929744461294,1.0,True,True,1.0,0.8325,0.08351390276390275,1.0,0.88875,0.08799622599622597,1.0,1.0,0.09208857808857808
perfect-score-v2,4,10,3.0833333333333335,3.291666666666667,4.333333333333334,4.541666666666667,3.1875,4.4375,0.1,0.05,154,13116.68,1.65,100,8.0,3216.947495163612,0.04053515240328877,3.714442435153743e-05,0.057202413501367635,0.04310175352455014,0.0,0.0,3.1875207208364627,4.434290684690959,-1.2467699638544953,-1.3987958914254304,1.0,True,True,1.0,0.80625,0.07557287157287158,1.0,0.85625,0.08998953823953824,1.0,1.0,0.08565656565656564
perfect-score-v2,4,11,3.0833333333333335,3.291666666666667,4.541666666666667,4.75,3.1875,4.645833333333334,0.1,0.05,154,23469.57,1.465,100,8.0,6682.627227743296,0.024874438041463613,2.3055629493569828e-05,0.03550566942009754,0.025507204434645443,0.0,0.0,3.1875207208364627,4.641807519273818,-1.4542867984373544,-1.6299311997383472,1.0,True,True,1.0,0.9175,0.08916522366522367,1.0,0.95125,0.10030916305916306,1.0,1.0,0.09105050505050503
perfect-score-v2,5,0,3.291666666666667,3.5,2.25,2.4583333333333335,3.3958333333333335,2.354166666666667,0.1,0.05,249,97.41,1.525,100,12.0,33.10600960994282,0.22955461710308295,0.004516075841773345,11.245028846015632,7.399595025132772,1.0,1.0,3.396199347095737,2.349921603291759,1.0462777438039774,0.8147133783946426,0.999324894514768,True,False,0.0,0.0,0.0,0.36,0.08416666666666667,0.0843813700918964,1.0,1.0,0.08697231200172376
perfect-score-v2,5,1,3.291666666666667,3.5,2.4583333333333335,2.6666666666666665,3.3958333333333335,2.5625,0.1,0.05,249,159.59,1.44,100,12.0,59.19240635329414,0.16597053429125666,0.002771960713433346,6.902182176449034,4.337716630807903,1.0,1.0,3.396199347095737,2.5613160798355405,0.8348832672601959,0.5716878825519617,0.999746835443038,True,False,0.01,0.009166666666666667,0.003125,0.52,0.245,0.10067349901560428,1.0,1.0,0.10156184012066362
perfect-score-v2,5,2,3.291666666666667,3.5,2.6666666666666665,2.875,3.3958333333333335,2.770833333333333,0.1,0.05,249,240.62,1.495,100,12.0,82.93915756528426,0.1709563750868508,0.001717221674043114,4.2758819683673535,3.027726910864824,1.0,0.97,3.396199347095737,2.7689654936353714,0.6272338534603656,0.4312526447108035,0.9997046413502111,True,False,0.05,0.04333333333333334,0.015228937728937728,0.67,0.32416666666666666,0.07935456564711883,1.0,1.0,0.0846351001939237
perfect-score-v2,5,3,3.291666666666667,3.5,2.875,3.0833333333333335,3.3958333333333335,2.979166666666667,0.1,0.05,249,439.83,1.42,100,12.0,149.58308857193194,0.11772393701617241,0.0010564762122323807,2.630625768458628,1.684789594549091,1.0,0.74,3.396199347095737,2.9800264958855154,0.41617285121022035,0.1747758089055136,0.9999156118143461,True,False,0.3,0.2508333333333333,0.03554279054279054,0.89,0.5599999999999999,0.09140956265956268,1.0,1.0,0.08393934496875671
perfect-score-v2,5,4,3.291666666666667,3.5,3.0833333333333335,3.291666666666667,3.3958333333333335,3.1875,0.1,0.05,249,655.9,1.6,100,12.0,174.6797653295853,0.12892036228406042,0.0006439621714650892,1.603465806948072,1.1277689263820936,1.0,0.56,3.396199347095737,3.1949878470830275,0.20121150001270913,0.006118511158347578,0.999957805907173,True,False,0.46,0.30083333333333334,0.03550680528621705,0.95,0.5533333333333332,0.10980632379316589,1.0,1.0,0.09556550312432664
perfect-score-v2,5,5,3.291666666666667,3.5,3.291666666666667,3.5,3.3958333333333335,3.3958333333333335,0.1,0.05,249,1156.75,1.49,100,12.0,375.05969748403606,0.08235581253216237,0.0003982532877956005,0.9916506866110453,0.6456648686313814,0.46,0.16,3.396199347095737,3.4044188738749726,-0.00821952677923601,-0.24419211179893666,1.0,True,True,0.85,0.5041666666666668,0.07905702831899823,0.99,0.6683333333333333,0.11747764653647008,1.0,1.0,0.10143568196509371
perfect-score-v2,5,6,3.291666666666667,3.5,3.5,3.7083333333333335,3.3958333333333335,3.604166666666667,0.1,0.05,249,1719.61,1.53,100,12.0,547.119820802235,0.09335094866502719,0.0002585956775680466,0.6439032371444362,0.4414011110645478,0.0,0.0,3.396199347095737,3.5916774789220365,-0.19547813182629983,-0.4108239915654437,0.999957805907173,True,False,1.0,0.5666666666666667,0.06420741758241758,1.0,0.7175,0.10108941711882886,1.0,1.0,0.09018293471234645
perfect-score-v2,5,7,3.291666666666667,3.5,3.7083333333333335,3.916666666666667,3.3958333333333335,3.8125,0.1,0.05,249,3158.55,1.48,100,12.0,949.7777594889626,0.0591512183704821,0.00015528900632376567,0.38666962574617647,0.25398744053074457,0.0,0.0,3.396199347095737,3.813493071993266,-0.4172937248975288,-0.6505286421988576,1.0,True,True,1.0,0.7033333333333333,0.07332882313764667,1.0,0.8041666666666667,0.09430405623787974,1.0,1.0,0.0896410256410256
perfect-score-v2,5,8,3.291666666666667,3.5,3.916666666666667,4.125,3.3958333333333335,4.020833333333334,0.1,0.05,249,4657.42,1.495,100,12.0,1337.284795964807,0.05973003328728941,9.475641327721033e-05,0.2359434690602537,0.14520971842097308,0.0,0.0,3.396199347095737,4.027314380398262,-0.6311150333025262,-0.8815894146027428,1.0,True,True,1.0,0.7383333333333333,0.10061092339033512,1.0,0.8366666666666667,0.11357230024877082,1.0,1.0,0.10381868131868127
perfect-score-v2,5,9,3.291666666666667,3.5,4.125,4.333333333333334,3.3958333333333335,4.229166666666667,0.1,0.05,249,7974.22,1.49,100,12.0,2530.4842209612916,0.045464077494547596,5.989904281597687e-05,0.1491486166117824,0.09339844033370463,0.0,0.0,3.396199347095737,4.226676533351793,-0.8304771862560577,-1.0888901286035604,1.0,True,True,1.0,0.7991666666666666,0.08830680576733207,1.0,0.8658333333333332,0.11647723939287406,1.0,1.0,0.0908122001837172
perfect-score-v2,5,10,3.291666666666667,3.5,4.333333333333334,4.541666666666667,3.3958333333333335,4.4375,0.1,0.05,249,11843.42,1.53,100,12.0,3725.3737342499894,0.04072044061228691,3.652918840772453e-05,0.09095767913523409,0.05968505183221274,0.0,0.0,3.396199347095737,4.441338946042975,-1.0451395989472376,-1.2723474148061227,1.0,True,True,1.0,0.8183333333333332,0.0625687426608479,1.0,0.8916666666666667,0.07986009673161375,1.0,1.0,0.07924281858492384
perfect-score-v2,5,11,3.291666666666667,3.5,4.541666666666667,4.75,3.3958333333333335,4.645833333333334,0.1,0.05,249,20439.05,1.51,100,12.0,5855.630375486363,0.03861317841616018,2.3601978208119158e-05,0.05876892573821671,0.03723456820506708,0.0,0.0,3.396199347095737,4.6306417702089835,-1.2344424231132471,-1.4847078179262752,1.0,True,True,1.0,0.8775,0.08788115316056491,1.0,0.9199999999999998,0.10018243521184697,1.0,1.0,0.09711150614091787
perfect-score-v2,6,0,3.5,3.7083333333333335,2.25,2.4583333333333335,3.604166666666667,2.354166666666667,0.1,0.05,402,94.27,1.615,100,20.0,30.83857570923484,0.2341280015194318,0.004506276456198668,18.11523135391865,10.73083942492222,1.0,1.0,3.604226053084469,2.3503137278103305,1.2539123252741395,0.9502346831999807,0.9982722513089004,True,False,0.0,0.0,0.02,0.3,0.05600000000000001,0.15945723989841634,1.0,1.0,0.09684091271047791
perfect-score-v2,6,1,3.5,3.7083333333333335,2.4583333333333335,2.6666666666666665,3.604166666666667,2.5625,0.1,0.05,402,149.0,1.63,100,20.0,45.388183392370564,0.1783995338905034,0.0027402351506636146,11.01574530566773,6.732861815406617,1.0,1.0,3.604226053084469,2.5664961515937756,1.0377299014906942,0.7526209345680386,0.9986125654450261,True,False,0.0,0.0,0.0,0.41,0.15749999999999997,0.07624447166927985,1.0,1.0,0.09832539923844269
perfect-score-v2,6,2,3.5,3.7083333333333335,2.6666666666666665,2.875,3.604166666666667,2.770833333333333,0.1,0.05,402,240.6,1.555,100,20.0,72.76088883960982,0.14924174621900663,0.0017202294242873875,6.915322285635297,4.2062569667541805,1.0,1.0,3.604226053084469,2.7688796839214143,0.8353463691630552,0.5487629434567477,0.9994764397905759,True,False,0.01,0.01,0.012857142857142855,0.62,0.29200000000000004,0.07289705871636307,1.0,1.0,0.0981688504731983
perfect-score-v2,6,3,3.5,3.7083333333333335,2.875,3.0833333333333335,3.604166666666667,2.979166666666667,0.1,0.05,402,371.75,1.795,100,20.0,89.23372728407703,0.18073344026098798,0.0010536076691626197,4.235502830033729,2.7121547246293916,1.0,0.86,3.604226053084469,2.981416560272385,0.6228094928120842,0.3732632063902513,0.999738219895288,True,False,0.16,0.1435,0.027096325244380163,0.74,0.3355,0.13259960938701348,1.0,1.0,0.11013467048249657
perfect-score-v2,6,4,3.5,3.7083333333333335,3.0833333333333335,3.291666666666667,3.604166666666667,3.1875,0.1,0.05,402,583.59,1.635,100,20.0,182.0866648122835,0.13714470120164227,0.0006539000818434193,2.628678329010545,1.6277929406712282,1.0,0.7,3.604226053084469,3.188309684810154,0.4159163682743162,0.1333560961727848,0.9999476439790576,True,False,0.33,0.2635,0.030141721233254412,0.89,0.5105,0.10078403055741864,1.0,1.0,0.093904737774303
perfect-score-v2,6,5,3.5,3.7083333333333335,3.291666666666667,3.5,3.604166666666667,3.3958333333333335,0.1,0.05,402,980.18,1.745,100,20.0,253.51923294426015,0.12081502555287875,0.0003971784280897796,1.5966572809209134,0.9560490579674592,1.0,0.42,3.604226053084469,3.4048954271718133,0.19933062591265613,-0.09248344096134468,0.9999738219895288,True,False,0.6,0.36200000000000004,0.04657842234603912,0.99,0.5725000000000001,0.09755239556774419,1.0,1.0,0.09800516230951015
perfect-score-v2,6,6,3.5,3.7083333333333335,3.5,3.7083333333333335,3.604166666666667,3.604166666666667,0.1,0.05,402,1414.23,1.575,100,20.0,418.4789320252821,0.08402334753300261,0.00025548912732390095,1.0270662918420816,0.5963305299096282,0.59,0.14,3.604226053084469,3.5972464479388577,0.006979605145612408,-0.2959571142505863,0.9999476439790576,True,False,0.88,0.479,0.06403255507074998,1.0,0.6639999999999999,0.09145858154772543,1.0,1.0,0.09056644804470894
perfect-score-v2,6,7,3.5,3.7083333333333335,3.7083333333333335,3.916666666666667,3.604166666666667,3.8125,0.1,0.05,402,2278.74,1.605,100,20.0,694.0242051148649,0.08725902214840911,0.00016051718464155435,0.6452790822590486,0.3954025346536964,0.0,0.0,3.604226053084469,3.798568904508514,-0.1943428514240432,-0.4834094407878067,0.9999738219895288,True,False,1.0,0.5675,0.06861025050352348,1.0,0.7175000000000001,0.09468158344288037,1.0,1.0,0.08942731181861616
perfect-score-v2,6,8,3.5,3.7083333333333335,3.916666666666667,4.125,3.604166666666667,4.020833333333334,0.1,0.05,402,3666.05,1.54,100,20.0,1174.4205328487903,0.07000470067091785,9.639634382569363e-05,0.3875133021792883,0.23274528597283708,0.0,0.0,3.604226053084469,4.020503254721402,-0.41627720163693205,-0.7158197777477325,1.0,True,True,1.0,0.6515000000000001,0.057776023467889806,1.0,0.7555000000000001,0.0758645687618295,1.0,1.0,0.0857763910807389
perfect-score-v2,6,9,3.5,3.7083333333333335,4.125,4.333333333333334,3.604166666666667,4.229166666666667,0.1,0.05,402,5686.09,1.525,100,20.0,1877.6040998679514,0.05438547564293631,5.922023261507789e-05,0.2380653351126131,0.13638247536320053,0.0,0.0,3.604226053084469,4.231377651833266,-0.6271515987487957,-0.9396244688001839,0.9999476439790576,True,False,1.0,0.7454999999999999,0.08440055150985627,1.0,0.8320000000000001,0.09429565334063074,1.0,1.0,0.09397979637110072
perfect-score-v2,6,10,3.5,3.7083333333333335,4.333333333333334,4.541666666666667,3.604166666666667,4.4375,0.1,0.05,402,10227.79,1.625,100,20.0,3071.3800565609404,0.07167381979127524,3.715638158319442e-05,0.14936865396444154,0.08747263763842274,0.0,0.0,3.604226053084469,4.434039615645384,-0.8298135625609128,-1.1371382996845525,0.9999738219895288,True,False,1.0,0.7615,0.09015651270216152,1.0,0.8355000000000001,0.10142625363449159,1.0,1.0,0.0974049573614791
perfect-score-v2,6,11,3.5,3.7083333333333335,4.541666666666667,4.75,3.604166666666667,4.645833333333334,0.1,0.05,402,15727.37,1.62,100,20.0,4910.899271205073,0.05465804668913234,2.242879467786077e-05,0.09016375460500027,0.053309069830785524,0.0,0.0,3.604226053084469,4.6531856087030095,-1.0489595556185396,-1.3493364410689452,1.0,True,True,1.0,0.772,0.08638858959649105,1.0,0.8500000000000001,0.09288859108690176,1.0,1.0,0.09501873488830011
perfect-score-v2,7,0,3.7083333333333335,3.916666666666667,2.25,2.4583333333333335,3.8125,2.354166666666667,0.1,0.05,649,71.18,1.475,100,32.0,27.769182977604952,0.21564791470529207,0.00449891764806731,29.197975535956836,14.060175694248725,1.0,1.0,3.8122446968003687,2.3510968908774608,1.461147805922909,1.0561300454797897,0.9983792544570502,True,False,0.0,0.0,0.01,0.31,0.0321875,0.10112724014336917,1.0,1.0,0.09345865427976731
perfect-score-v2,7,1,3.7083333333333335,3.916666666666667,2.4583333333333335,2.6666666666666665,3.8125,2.5625,0.1,0.05,649,111.45,1.655,100,32.0,38.81144544818573,0.22779613654893915,0.002748773174489546,17.839537902437158,9.936405669183385,1.0,1.0,3.8122446968003687,2.564703369347618,1.2475413274527514,0.9026552061633047,0.9990275526742302,True,False,0.0,0.0,0.01,0.35,0.09,0.06641281907499842,1.0,1.0,0.09604755880947076
perfect-score-v2,7,2,3.7083333333333335,3.916666666666667,2.6666666666666665,2.875,3.8125,2.770833333333333,0.1,0.05,649,187.04,1.67,100,32.0,62.554262026232145,0.2020307075493296,0.001723182147589243,11.183452137854188,6.043982240230662,1.0,1.0,3.8122446968003687,2.768163223634483,1.0440814731658863,0.6796854111975936,0.9991572123176661,True,False,0.02,0.0165625,0.006193633952254643,0.63,0.2659375,0.129665993862528,1.0,1.0,0.09189250183058233
perfect-score-v2,7,3,3.7083333333333335,3.916666666666667,2.875,3.0833333333333335,3.8125,2.979166666666667,0.1,0.05,649,304.65,1.655,100,32.0,98.24639569684933,0.18103933486986826,0.001020913835481239,6.625730792273239,3.7019629968310057,1.0,0.83,3.8122446968003687,2.995206472742195,0.817038224058174,0.46412514441269986,0.99967585089141,True,False,0.18,0.1609375,0.017702690292297513,0.66,0.3471875,0.08037529314544592,1.0,1.0,0.09906882057188053
perfect-score-v2,7,4,3.7083333333333335,3.916666666666667,3.0833333333333335,3.291666666666667,3.8125,3.1875,0.1,0.05,649,435.79,1.62,100,32.0,158.75730250087784,0.16220525953495435,0.0006493876123563104,4.214525604192454,2.415862621721379,1.0,0.78,3.8122446968003687,3.191987288939718,0.6202574078606516,0.26966949263386814,0.9997082658022691,True,False,0.25,0.2253125,0.031150867883904167,0.81,0.4346875,0.11351581744080046,1.0,1.0,0.09314497139400862
perfect-score-v2,7,5,3.7083333333333335,3.916666666666667,3.291666666666667,3.5,3.8125,3.3958333333333335,0.1,0.05,649,720.25,1.64,100,32.0,238.087272198253,0.1415842262827948,0.00039925494346009296,2.591164583056003,1.4987113117220148,1.0,0.63,3.8122446968003687,3.4033532752821656,0.40889142151820346,0.06804401456411233,0.9998865478119936,True,False,0.39,0.2796875,0.027637509281365373,0.92,0.495,0.09498237063562058,1.0,1.0,0.09468732552323882
perfect-score-v2,7,6,3.7083333333333335,3.916666666666667,3.5,3.7083333333333335,3.8125,3.604166666666667,0.1,0.05,649,1249.45,1.645,100,32.0,368.82394211838584,0.10237091234737943,0.00025185077186470786,1.634511509401954,0.8760136219100813,1.0,0.38,3.8122446968003687,3.6029582729945435,0.20928642380582638,-0.1511467069068325,0.999967585089141,True,False,0.64,0.41375,0.04233919622412738,0.99,0.585,0.08201133158425444,1.0,1.0,0.09665246407661268
perfect-score-v2,7,7,3.7083333333333335,3.916666666666667,3.7083333333333335,3.916666666666667,3.8125,3.8125,0.1,0.05,649,1668.45,1.645,100,32.0,608.9884501592419,0.09221501404787295,0.0001541942865955424,1.0007209200050702,0.6083238273982052,0.5,0.19,3.8122446968003687,3.8163039475118326,-0.004059250711462979,-0.323006690188884,0.999967585089141,True,False,0.83,0.4678125,0.04792672119987465,1.0,0.6171875,0.09989419489223993,1.0,1.0,0.09200210242693065
perfect-score-v2,7,8,3.7083333333333335,3.916666666666667,3.916666666666667,4.125,3.8125,4.020833333333334,0.1,0.05,649,3146.78,1.765,100,32.0,845.115499280636,0.09608625158120913,9.613529939393255e-05,0.6239180930666223,0.36485312579513307,0.0,0.0,3.8122446968003687,4.021331895844961,-0.2090871990445922,-0.5349430674013533,1.0,True,True,1.0,0.5425,0.06759870097496355,1.0,0.6834375,0.09174315385594926,1.0,1.0,0.08992667637008044
perfect-score-v2,7,9,3.7083333333333335,3.916666666666667,4.125,4.333333333333334,3.8125,4.229166666666667,0.1,0.05,649,5237.0,1.705,100,32.0,1523.7263717081066,0.0670516316178579,5.874492445125702e-05,0.381254559688658,0.21622428284896955,0.0,0.0,3.8122446968003687,4.235101754795545,-0.4228570579951754,-0.7648692847371857,1.0,True,True,1.0,0.638125,0.08001398694381236,1.0,0.7534375,0.09391490383833441,1.0,1.0,0.09624706113606087
perfect-score-v2,7,10,3.7083333333333335,3.916666666666667,4.333333333333334,4.541666666666667,3.8125,4.4375,0.1,0.05,649,7653.69,1.63,100,32.0,2421.9162285057278,0.052639949251906556,3.670264449040149e-05,0.23820016274270572,0.13654289121311444,0.0,0.0,3.8122446968003687,4.4393689281358,-0.6271242313354309,-0.9634468559159268,1.0,True,True,1.0,0.718125,0.07054226463572146,1.0,0.8159375,0.08543500792055529,1.0,1.0,0.09081812505961112
perfect-score-v2,7,11,3.7083333333333335,3.916666666666667,4.541666666666667,4.75,3.8125,4.645833333333334,0.1,0.05,649,13183.55,1.69,100,32.0,4304.656187407201,0.059454185916873944,2.267749456947075e-05,0.14717693975586515,0.07799529464319795,0.0,0.0,3.8122446968003687,4.64796571262649,-0.8357210158261213,-1.20327931578626,1.0,True,True,1.0,0.7559375,0.08192027472074927,1.0,0.825625,0.10216949167715532,1.0,1.0,0.09441863124057667
perfect-score-v2,8,0,3.916666666666667,4.125,2.25,2.4583333333333335,4.020833333333334,2.354166666666667,0.1,0.05,1049,67.27,1.635,100,52.0,23.01269244394473,0.2812758372663682,0.004435239810476345,46.52566561189685,23.21775127407283,1.0,1.0,4.020775488193559,2.357353933301398,1.6634215548921594,1.233325212907876,0.9970611835506519,True,False,0.0,0.0,0.0,0.28,0.02519230769230769,0.10130221605221605,1.0,1.0,0.09018204797561966
perfect-score-v2,8,1,3.916666666666667,4.125,2.4583333333333335,2.6666666666666665,4.020833333333334,2.5625,0.1,0.05,1049,95.1,1.59,100,52.0,35.00107466276713,0.22904835903353205,0.002842754607636957,29.82049583411167,13.577910563562147,1.0,1.0,4.020775488193559,2.5500414299153937,1.4707340582781638,1.0178535990479933,0.9988365095285857,True,False,0.0,0.0,0.0,0.31,0.055384615384615386,0.09363972459940202,1.0,1.0,0.08604912521654544
perfect-score-v2,8,2,3.916666666666667,4.125,2.6666666666666665,2.875,4.020833333333334,2.770833333333333,0.1,0.05,1049,129.97,1.76,100,52.0,46.00727198243719,0.240686965997279,0.0017443053620526123,18.297763247931897,10.136235120879814,1.0,1.0,4.020775488193559,2.7623205823065247,1.258454905887033,0.8936239152370251,0.9992276830491474,True,False,0.0,0.0,0.01,0.36,0.13384615384615384,0.07061438277996404,1.0,1.0,0.10128334069384592
perfect-score-v2,8,3,3.916666666666667,4.125,2.875,3.0833333333333335,4.020833333333334,2.979166666666667,0.1,0.05,1049,209.48,1.705,100,52.0,72.80845547153547,0.19495200665737772,0.0010572119718013791,11.090153584196468,5.925567686468456,1.0,0.9,4.020775488193559,2.9802724787005435,1.040503009493014,0.6601691210027731,0.9991173520561684,True,False,0.1,0.09134615384615385,0.02809376051618446,0.54,0.2271153846153846,0.08041025449995583,1.0,1.0,0.09127835752079555
perfect-score-v2,8,4,3.916666666666667,4.125,3.0833333333333335,3.291666666666667,4.020833333333334,3.1875,0.1,0.05,1049,401.92,1.6,100,52.0,153.99899578248602,0.14827082036253164,0.0006394894857776939,6.708244705808012,3.0698471397783726,1.0,0.81,4.020775488193559,3.1983585943660438,0.8224168938275137,0.35247451383315,0.9998896690070211,True,False,0.24,0.22596153846153846,0.029195365405871407,0.76,0.4117307692307692,0.09809410605301727,1.0,1.0,0.0924586031764769
perfect-score-v2,8,5,3.916666666666667,4.125,3.291666666666667,3.5,4.020833333333334,3.3958333333333335,0.1,0.05,1049,551.08,1.53,100,52.0,213.07811561796785,0.11396451752658988,0.00040992541559791595,4.300117609622139,2.0702897457237945,1.0,0.64,4.020775488193559,3.3911520876058687,0.6296234005876893,0.18780399840944567,0.9998294884653961,True,False,0.36,0.28942307692307695,0.026975180747710877,0.93,0.48057692307692307,0.06528026244149783,1.0,1.0,0.09450550949983283
perfect-score-v2,8,6,3.916666666666667,4.125,3.5,3.7083333333333335,4.020833333333334,3.604166666666667,0.1,0.05,1049,1026.49,1.61,100,52.0,387.44718237544726,0.10157568042097478,0.0002471828665240498,2.5929482698372817,1.2337698761479192,1.0,0.53,4.020775488193559,3.6115275423391733,0.4092479458543847,-0.04913658679542652,0.9998996990972918,True,False,0.48,0.37653846153846154,0.0397461388530122,0.95,0.5636538461538463,0.08124569476167125,1.0,1.0,0.09600452904526718
perfect-score-v2,8,7,3.916666666666667,4.125,3.7083333333333335,3.916666666666667,4.020833333333334,3.8125,0.1,0.05,1049,1548.37,1.73,100,52.0,471.24377887938425,0.11696272855686317,0.0001516573397685877,1.5908854941724848,0.8734553516918965,1.0,0.39,4.020775488193559,3.823122432554992,0.19765305563856533,-0.1765977254140903,0.9999398194583752,True,False,0.66,0.4082692307692307,0.05986978485864406,0.99,0.5867307692307693,0.09112927239359321,1.0,1.0,0.09677773924319372
perfect-score-v2,8,8,3.916666666666667,4.125,3.916666666666667,4.125,4.020833333333334,4.020833333333334,0.1,0.05,1049,2391.49,1.855,100,52.0,616.6317178275351,0.11243296638103492,9.392541009771808e-05,0.9852775519250622,0.5767475800184555,0.42,0.09,4.020775488193559,4.031458058569309,-0.01068257037575072,-0.33693553291354833,0.9999799398194584,True,False,0.93,0.40038461538461545,0.058108088800946665,1.0,0.5973076923076924,0.10400705921200457,1.0,1.0,0.09870013944994595
perfect-score-v2,8,9,3.916666666666667,4.125,4.125,4.333333333333334,4.020833333333334,4.229166666666667,0.1,0.05,1049,3965.85,1.725,100,52.0,1442.366434543808,0.0697251277641767,5.869376395377293e-05,0.615697583875078,0.3236741893057114,0.0,0.0,4.020775488193559,4.235437663778456,-0.21466217558489917,-0.6215411733317225,0.9999799398194584,True,False,1.0,0.5548076923076922,0.06938931381291183,1.0,0.6998076923076922,0.09057679523233744,1.0,1.0,0.10439179118813514
perfect-score-v2,8,10,3.916666666666667,4.125,4.333333333333334,4.541666666666667,4.020833333333334,4.4375,0.1,0.05,1049,6257.07,1.715,100,52.0,2118.696871304645,0.06355988134357117,3.665344385572411e-05,0.384494626046546,0.19219264893677337,0.0,0.0,4.020775488193559,4.440257286200083,-0.41948179800652485,-0.8344539385078994,0.9999899699097292,True,False,1.0,0.6467307692307693,0.06510958871553843,1.0,0.7588461538461537,0.09533118252333644,1.0,1.0,0.103971720336925
perfect-score-v2,8,11,3.916666666666667,4.125,4.541666666666667,4.75,4.020833333333334,4.645833333333334,0.1,0.05,1049,10529.14,1.705,100,52.0,3388.017268207381,0.05142002492460806,2.2620511431603864e-05,0.23728916491752444,0.12199905708779914,0.0,0.0,4.020775488193559,4.649810938261058,-0.6290354500675006,-1.0412444107343233,0.9999899699097292,True,False,1.0,0.7240384615384616,0.07670183897116428,1.0,0.8126923076923076,0.09126546457695829,1.0,1.0,0.10269893421425916
perfect-score-v2,9,0,4.125,4.333333333333334,2.25,2.4583333333333335,4.229166666666667,2.354166666666667,0.1,0.05,1695,48.81,1.605,100,85.0,20.032026203810283,0.29212097271634524,0.004498697381032578,76.2529206085022,34.3910268792036,1.0,1.0,4.229169702539101,2.351166802109942,1.878002900429159,1.3766795139537,0.9964285714285716,True,False,0.0,0.0,0.01,0.22,0.011529411764705882,0.10520460241512873,1.0,1.0,0.0978465835500843
perfect-score-v2,9,1,4.125,4.333333333333334,2.4583333333333335,2.6666666666666665,4.229166666666667,2.5625,0.1,0.05,1695,70.8,1.605,100,85.0,29.32157419734412,0.25846856394396683,0.002732201559909923,46.3108164404732,20.68006408213348,1.0,1.0,4.229169702539101,2.5678799559805197,1.6612897465585812,1.1622476861992952,0.998217391304348,True,False,0.0,0.0,0.0,0.4,0.030470588235294117,0.05284017292553878,1.0,1.0,0.10103550703075427
perfect-score-v2,9,2,4.125,4.333333333333334,2.6666666666666665,2.875,4.229166666666667,2.770833333333333,0.1,0.05,1695,117.31,1.625,100,85.0,45.817845263699965,0.22050193905972776,0.0017196636426172573,29.148298742362513,13.347957194494874,1.0,1.0,4.229169702539101,2.768794240139615,1.4603754623994858,0.9749666264246675,0.9986708074534163,True,False,0.0,0.0,0.0,0.41,0.10976470588235294,0.08251041841977362,1.0,1.0,0.09833534422697829
perfect-score-v2,9,3,4.125,4.333333333333334,2.875,3.0833333333333335,4.229166666666667,2.979166666666667,0.1,0.05,1695,194.2,1.66,100,85.0,73.02617620569258,0.1825445392246431,0.001028243709101905,17.428730869277288,7.770680754332171,1.0,0.93,4.229169702539101,2.991841790457101,1.2373279120820002,0.7397981682555449,0.9995217391304346,True,False,0.07,0.06682352941176471,0.013480321488047802,0.63,0.23988235294117646,0.131875826403936,1.0,1.0,0.09325469767447606
perfect-score-v2,9,4,4.125,4.333333333333334,3.0833333333333335,3.291666666666667,4.229166666666667,3.1875,0.1,0.05,1695,287.98,1.635,100,85.0,115.84029604005781,0.16707715563885114,0.0006580222732096561,11.153477530903666,5.115445606185251,1.0,0.88,4.229169702539101,3.186700076427869,1.0424696261112323,0.5620413670231955,0.9996770186335405,True,False,0.13,0.12823529411764706,0.01932051850067633,0.69,0.28858823529411765,0.08848542409920453,1.0,1.0,0.09810231883630571
perfect-score-v2,9,5,4.125,4.333333333333334,3.291666666666667,3.5,4.229166666666667,3.3958333333333335,0.1,0.05,1695,440.34,1.71,100,85.0,161.78913096116045,0.148523152631458,0.00040191523329212507,6.812463204301519,3.3854682836134287,1.0,0.8,4.229169702539101,3.4000764156369967,0.8290932869021037,0.39510705886018926,0.9998881987577641,True,False,0.21,0.1955294117647059,0.03817368330629323,0.88,0.33164705882352946,0.11255845748106673,1.0,1.0,0.09954487366093667
perfect-score-v2,9,6,4.125,4.333333333333334,3.5,3.7083333333333335,4.229166666666667,3.604166666666667,0.1,0.05,1695,640.82,1.705,100,85.0,237.98381366222154,0.149270849622673,0.0002488574856616451,4.218134381964883,2.002461644303863,1.0,0.74,4.229169702539101,3.608387436030286,0.6207822665088153,0.17536527538062988,0.9999006211180125,True,False,0.26,0.23929411764705882,0.03022100540330949,0.93,0.4257647058823529,0.08883210848225115,1.0,1.0,0.09447256590936812
perfect-score-v2,9,7,4.125,4.333333333333334,3.7083333333333335,3.916666666666667,4.229166666666667,3.8125,0.1,0.05,1695,1165.38,1.55,100,85.0,456.0290104714575,0.08714206450761791,0.00015264520576295946,2.5873362376821625,1.1809082582680868,1.0,0.53,4.229169702539101,3.820575596122251,0.4085941064168502,-0.07996532487369071,0.9999440993788821,True,False,0.5,0.36811764705882355,0.04660941998623175,1.0,0.5807058823529412,0.093204395570801,1.0,1.0,0.10210765073562728
perfect-score-v2,9,8,4.125,4.333333333333334,3.916666666666667,4.125,4.229166666666667,4.020833333333334,0.1,0.05,1695,1914.17,1.59,100,85.0,791.6222095535994,0.07229268409185872,9.592038641950982e-05,1.6258505498106917,0.7326957366069783,1.0,0.3,4.229169702539101,4.022287344421714,0.20688235811738742,-0.2925495235908483,0.9999875776397517,True,False,0.73,0.4741176470588235,0.05789449106077527,1.0,0.648,0.0982428956220972,1.0,1.0,0.09601163456215593
perfect-score-v2,9,9,4.125,4.333333333333334,4.125,4.333333333333334,4.229166666666667,4.229166666666667,0.1,0.05,1695,2915.01,1.61,100,85.0,1154.1134943615607,0.0745466944228187,5.905392389391885e-05,1.0009640100019246,0.47212014623722764,0.45,0.06,4.229169702539101,4.2336560580237474,-0.004486355484646597,-0.47510063993949736,0.9999813664596274,True,False,0.94,0.530470588235294,0.06171325313742032,1.0,0.6883529411764705,0.08519671600470989,1.0,1.0,0.09546609953679625
perfect-score-v2,9,10,4.125,4.333333333333334,4.333333333333334,4.541666666666667,4.229166666666667,4.4375,0.1,0.05,1695,4394.93,1.62,100,85.0,1547.7638234486014,0.06463776350078629,3.68425893972567e-05,0.624481890283501,0.2929705266596868,0.0,0.0,4.229169702539101,4.43801699330344,-0.2088472907643395,-0.666343003000172,0.9999875776397517,True,False,1.0,0.6409411764705882,0.0675390704016874,1.0,0.7611764705882352,0.09336491854444545,1.0,1.0,0.09277014204186491
perfect-score-v2,9,11,4.125,4.333333333333334,4.541666666666667,4.75,4.229166666666667,4.645833333333334,0.1,0.05,1695,7410.2,1.65,100,85.0,2802.042177750278,0.06056640078297058,2.278583549155811e-05,0.38621991158190994,0.1688409826776492,0.0,0.0,4.229169702539101,4.646841857269444,-0.4176721547303434,-0.9109331201834395,0.9999937888198758,True,False,1.0,0.6975294117647058,0.07726681630913959,1.0,0.8014117647058824,0.09508929887892792,1.0,1.0,0.09373208870584616
perfect-score-v2,10,0,4.333333333333334,4.541666666666667,2.25,2.4583333333333335,4.4375,2.354166666666667,0.1,0.05,2738,39.46,1.595,100,137.0,17.12174196459059,0.30090686721357907,0.004439778907718303,121.56114649332713,49.777010269117,1.0,1.0,4.437433443797972,2.3565179609910683,2.080915482806903,1.4906752656550395,0.9953171856978085,True,False,0.0,0.0,0.0,0.12,0.0030656934306569346,0.07514102564102564,1.0,1.0,0.10088942817635914
perfect-score-v2,10,1,4.333333333333334,4.541666666666667,2.4583333333333335,2.6666666666666665,4.4375,2.5625,0.1,0.05,2738,61.11,1.555,100,137.0,30.012880470764006,0.24383686733679513,0.0028409475106467514,77.78514284150803,28.59091766405475,1.0,1.0,4.437433443797972,2.5511740140748618,1.8862594297231094,1.2638748939770925,0.9979777008842753,True,False,0.0,0.0,0.0,0.24,0.02897810218978102,0.08691093332631233,1.0,1.0,0.09170312066346417
perfect-score-v2,10,2,4.333333333333334,4.541666666666667,2.6666666666666665,2.875,4.4375,2.770833333333333,0.1,0.05,2738,95.83,1.485,100,137.0,47.899259364750094,0.20813355528310665,0.0017146103138534245,46.94603039330675,16.59218911935655,1.0,1.0,4.437433443797972,2.7708909331774714,1.6665425106204999,1.0226879196534213,0.9985928489042677,True,False,0.0,0.0,0.0,0.38,0.10372262773722626,0.10332645308153043,1.0,1.0,0.09250283871474506
perfect-score-v2,10,3,4.333333333333334,4.541666666666667,2.875,3.0833333333333335,4.4375,2.979166666666667,0.1,0.05,2738,138.09,1.62,100,137.0,60.5178523206747,0.2119159724024725,0.0010607384770402093,29.043019501360927,11.656243516545901,1.0,0.96,4.437433443797972,2.978593516684561,1.4588399271134094,0.8821076550194968,0.9993502499038831,True,False,0.04,0.03751824817518248,0.0019157884888018337,0.46,0.20197080291970804,0.05099475869687573,1.0,1.0,0.09282765451576226
perfect-score-v2,10,4,4.333333333333334,4.541666666666667,3.0833333333333335,3.291666666666667,4.4375,3.1875,0.1,0.05,2738,187.11,1.68,100,137.0,70.14783290757278,0.2052437442365963,0.0006472048677791237,17.7204692797924,7.316140644868475,1.0,0.97,4.437433443797972,3.1927453266675814,1.2446881171303896,0.7251734613854035,0.9996386005382546,True,False,0.05,0.041605839416058395,0.004046890218236573,0.58,0.20562043795620435,0.06039004835176441,1.0,1.0,0.09467684463386833
perfect-score-v2,10,5,4.333333333333334,4.541666666666667,3.291666666666667,3.5,4.4375,3.3958333333333335,0.1,0.05,2738,380.61,1.51,100,137.0,182.19188427775887,0.1106315740345443,0.00040871977104221677,11.190747331135894,4.2545502477832065,1.0,0.75,4.437433443797972,3.3929214346977337,1.0445120091002382,0.4421904235111962,0.9996616685890042,True,False,0.25,0.24014598540145982,0.017210532159591924,0.82,0.36664233576642324,0.1132285937408561,1.0,1.0,0.09100562108553893
perfect-score-v2,10,6,4.333333333333334,4.541666666666667,3.5,3.7083333333333335,4.4375,3.604166666666667,0.1,0.05,2738,500.24,1.71,100,137.0,218.6008700086294,0.1401995086072265,0.00025233216226053137,6.90885460269335,3.050591276580333,1.0,0.79,4.437433443797972,3.602281373691915,0.8351520701060566,0.3128471592079524,0.9998654363706266,True,False,0.22,0.211021897810219,0.025244827092574886,0.86,0.3791240875912409,0.06872293448479563,1.0,1.0,0.09343103927602471
perfect-score-v2,10,7,4.333333333333334,4.541666666666667,3.7083333333333335,3.916666666666667,4.4375,3.8125,0.1,0.05,2738,931.63,1.565,100,137.0,410.14379979655735,0.0990806226721391,0.00016093697799603163,4.406454457531346,1.5312724643667435,1.0,0.62,4.437433443797972,3.7974451769134334,0.6399882668845376,0.02583694627039707,0.9999346405228757,True,False,0.39,0.33014598540145984,0.02766477102586786,0.96,0.5513868613138686,0.08475897966864186,1.0,1.0,0.09745353884137459
perfect-score-v2,10,8,4.333333333333334,4.541666666666667,3.916666666666667,4.125,4.4375,4.020833333333334,0.1,0.05,2738,1405.36,1.55,100,137.0,676.1109473963488,0.09327933127859606,9.792146598075515e-05,2.681089738553076,0.9739058954083494,1.0,0.42,4.437433443797972,4.013508569153595,0.4239248746443758,-0.18980504174184656,0.9999615532487505,True,False,0.59,0.43262773722627734,0.04356458636523138,0.99,0.6206569343065693,0.0780341436300206,1.0,1.0,0.09611447960701407
perfect-score-v2,10,9,4.333333333333334,4.541666666666667,4.125,4.333333333333334,4.4375,4.229166666666667,0.1,0.05,2738,2220.16,1.545,100,137.0,991.7789617620896,0.07133778128637065,5.986104249875793e-05,1.6389953436159923,0.5811478726396312,1.0,0.16,4.437433443797972,4.227176255748249,0.2102571880497219,-0.39769270201686796,0.9999884659746252,True,False,0.86,0.5325547445255475,0.07053627926726593,1.0,0.6928467153284673,0.09062555148350779,1.0,1.0,0.09482968308451775
perfect-score-v2,10,10,4.333333333333334,4.541666666666667,4.333333333333334,4.541666666666667,4.4375,4.4375,0.1,0.05,2738,3997.85,1.68,100,137.0,1656.5472788231837,0.08152913247449207,3.6651160925975215e-05,1.0035087861532013,0.3770206636818225,0.5,0.03,4.437433443797972,4.440262057321784,-0.0028286135238137235,-0.5855084854876169,0.99999231064975,True,False,0.97,0.58,0.05849699166885449,1.0,0.7054014598540147,0.08211309145303489,1.0,1.0,0.09327025439955226
perfect-score-v2,10,11,4.333333333333334,4.541666666666667,4.541666666666667,4.75,4.4375,4.645833333333334,0.1,0.05,2738,5640.6,1.6,100,137.0,2337.2395822666767,0.05431442530162792,2.3370007267780366e-05,0.6398707989918265,0.2353076317476849,0.0,0.0,4.437433443797972,4.635025464895382,-0.19759202109741106,-0.7754655276600759,1.0,True,True,1.0,0.6874452554744525,0.07044042103569761,1.0,0.7832116788321167,0.0839831181190948,1.0,1.0,0.09054122012213348
perfect-score-v2,11,0,4.541666666666667,4.75,2.25,2.4583333333333335,4.645833333333334,2.354166666666667,0.1,0.05,4424,32.17,1.525,100,221.0,16.498460763614098,0.30817226771183664,0.004530557596970457,200.43186808997302,64.17424420234275,1.0,1.0,4.645815118296641,2.3482003695698195,2.2976147487268226,1.5779540036103359,0.9955008327385201,True,False,0.0,0.0,0.0,0.09,0.0008597285067873303,0.034,1.0,1.0,0.09427387270976052
perfect-score-v2,11,1,4.541666666666667,4.75,2.4583333333333335,2.6666666666666665,4.645833333333334,2.5625,0.1,0.05,4424,50.2,1.465,100,221.0,26.810049867284857,0.24627275579414526,0.0028285520414621313,125.13514231428468,39.31840975975702,1.0,1.0,4.645815118296641,2.5529392265012802,2.092875891795361,1.3564687999913305,0.9969188674756126,True,False,0.0,0.0,0.0,0.28,0.01823529411764706,0.04132447932011821,1.0,1.0,0.0938850378716204
perfect-score-v2,11,2,4.541666666666667,4.75,2.6666666666666665,2.875,4.645833333333334,2.770833333333333,0.1,0.05,4424,80.51,1.33,100,221.0,43.42453151463614,0.1835812144714685,0.0017187313048890394,76.03667292829113,18.442968350772734,1.0,1.0,4.645815118296641,2.7687599785989234,1.8770551396977198,1.0550208095406381,0.9988912681418036,True,False,0.0,0.0,0.0,0.43,0.0497737556561086,0.07510135467188571,1.0,1.0,0.09323987812342871
perfect-score-v2,11,3,4.541666666666667,4.75,2.875,3.0833333333333335,4.645833333333334,2.979166666666667,0.1,0.05,4424,135.24,1.465,100,221.0,70.9440049172818,0.17158865510271695,0.0010528442339973894,46.577828912044524,13.279284222390817,1.0,0.98,4.645815118296641,2.981285687292716,1.6645294310039258,0.8883643044429976,0.9989864382583868,True,False,0.02,0.018461538461538463,0.0016727140783744559,0.55,0.25031674208144794,0.10263412660814404,1.0,1.0,0.09161590227676969
perfect-score-v2,11,4,4.541666666666667,4.75,3.0833333333333335,3.291666666666667,4.645833333333334,3.1875,0.1,0.05,4424,193.27,1.475,100,221.0,96.31125909897337,0.13511141763305176,0.0006809193765718468,30.12387321953851,8.349674687946461,1.0,0.95,4.645815118296641,3.1705040836594707,1.4753110346371698,0.7158650635954354,0.9995455626933143,True,False,0.14,0.11855203619909503,0.012179322538199137,0.69,0.27194570135746604,0.09826822219726107,1.0,1.0,0.09609919441322728
perfect-score-v2,11,5,4.541666666666667,4.75,3.291666666666667,3.5,4.645833333333334,3.3958333333333335,0.1,0.05,4424,320.88,1.5,100,221.0,159.72762129605456,0.132689776195229,0.000412030439677214,18.22822665131995,5.263156136861205,1.0,0.75,4.645815118296641,3.3884378429433095,1.2573772753533325,0.5047838171714054,0.9998215560314061,True,False,0.25,0.24647058823529414,0.02308856510887748,0.76,0.36497737556561094,0.09966218251403125,1.0,1.0,0.09388202273223266
perfect-score-v2,11,6,4.541666666666667,4.75,3.5,3.7083333333333335,4.645833333333334,3.604166666666667,0.1,0.05,4424,542.38,1.405,100,221.0,280.3838380030831,0.09111248901613073,0.0002570327547106435,11.371129068398869,2.6928080726565615,1.0,0.7,4.645815118296641,3.594174154926013,1.0516409633706278,0.23122424576112105,0.9999048298834167,True,False,0.3,0.29823529411764704,0.023517181683369897,0.88,0.49081447963800906,0.08744552368491104,1.0,1.0,0.09639857314892523
perfect-score-v2,11,7,4.541666666666667,4.75,3.7083333333333335,3.916666666666667,4.645833333333334,3.8125,0.1,0.05,4424,821.3,1.42,100,221.0,398.75358179067547,0.0860374466643475,0.00015739664055998802,6.96322737837387,1.6903292282819706,1.0,0.6,4.645815118296641,3.8075553182805577,0.8382598000160837,0.04754556549164122,0.9999262431596478,True,False,0.45,0.37515837104072397,0.03875369663288315,0.98,0.5777375565610859,0.09437070100381421,1.0,1.0,0.09612875658447789
perfect-score-v2,11,8,4.541666666666667,4.75,3.916666666666667,4.125,4.645833333333334,4.020833333333334,0.1,0.05,4424,1379.15,1.405,100,221.0,699.4390924754396,0.07114451888401123,9.810227522866355e-05,4.340044656116075,1.0549517270172115,1.0,0.42,4.645815118296641,4.012281013882755,0.6335341044138859,-0.18232397315660276,0.9999643112062813,True,False,0.6,0.502262443438914,0.04597065730985662,1.0,0.678054298642534,0.0932086701215753,1.0,1.0,0.09658375894572119
perfect-score-v2,11,9,4.541666666666667,4.75,4.125,4.333333333333334,4.645833333333334,4.229166666666667,0.1,0.05,4424,2033.7,1.435,100,221.0,941.8643845218096,0.0464324012483557,6.00720920018796e-05,2.6575893501631542,0.6272991772773101,1.0,0.19,4.645815118296641,4.225400689465822,0.4204144288308209,-0.3596557413437465,0.9999952414941709,True,False,0.81,0.5646606334841628,0.05683617717106527,1.0,0.7334389140271494,0.08542652896475136,1.0,1.0,0.0960975902620553
perfect-score-v2,11,10,4.541666666666667,4.75,4.333333333333334,4.541666666666667,4.645833333333334,4.4375,0.1,0.05,4424,3491.25,1.355,100,221.0,1735.1102397912896,0.04507061408862599,3.749681373895611e-05,1.6588590398114185,0.3888973391071708,1.0,0.05,4.645815118296641,4.430262232864821,0.21555288543182216,-0.5956643807819919,0.9999976207470854,True,False,0.95,0.696018099547511,0.0706601127245862,1.0,0.8199095022624436,0.09704920615155684,1.0,1.0,0.09726624839201824
perfect-score-v2,11,11,4.541666666666667,4.75,4.541666666666667,4.75,4.645833333333334,4.645833333333334,0.1,0.05,4424,5286.68,1.485,100,221.0,2523.5544834985926,0.04346724689097981,2.3145660297567897e-05,1.023964011564404,0.26735684919991626,0.57,0.03,4.645815118296641,4.639672518523225,0.006142599773416655,-0.7598187990833679,0.9999976207470854,True,False,0.97,0.7065610859728507,0.07165256418975019,1.0,0.8042986425339366,0.08853020309141696,1.0,1.0,0.09888823835633795
