export_version,figure,panel,panel_title,plot_order,group,method,scenario,kappa,m,x,y,x_left,x_right,value,probability,count,style_key,label
tikz-v3,figure1,D,First-threshold diagnostic,1,first_threshold,bh,baseline,inf,,1.2493914907894565,0.5461538461538461,1.1764705882352944,1.323529411764706,0.5461538461538461,0.5461538461538461,1300.0,kappa_inf,$\log_{10}\delta$
tikz-v3,figure1,D,First-threshold diagnostic,2,first_threshold,bh,baseline,2.0,,1.2493914907894565,0.16923076923076924,1.1764705882352944,1.323529411764706,0.16923076923076924,0.16923076923076924,1300.0,kappa_2.0,$\log_{10}\delta$
tikz-v3,figure1,D,First-threshold diagnostic,3,first_threshold,bh,baseline,2.5,,1.2493914907894565,0.33076923076923076,1.1764705882352944,1.323529411764706,0.33076923076923076,0.33076923076923076,1300.0,kappa_2.5,$\log_{10}\delta$
tikz-v3,figure1,D,First-threshold diagnostic,4,first_threshold,bh,baseline,3.0,,1.2493914907894565,0.42538461538461536,1.1764705882352944,1.323529411764706,0.42538461538461536,0.42538461538461536,1300.0,kappa_3.0,$\log_{10}\delta$
tikz-v3,figure1,D,First-threshold diagnostic,5,first_threshold,bh,baseline,3.5,,1.2493914907894565,0.47615384615384615,1.1764705882352944,1.323529411764706,0.47615384615384615,0.47615384615384615,1300.0,kappa_3.5,$\log_{10}\delta$
tikz-v3,figure1,D,First-threshold diagnostic,6,first_threshold,bh,baseline,4.0,,1.2493914907894565,0.51,1.1764705882352944,1.323529411764706,0.51,0.51,1300.0,kappa_4.0,$\log_{10}\delta$
tikz-v3,figure1,D,First-threshold diagnostic,1,first_threshold,bh,baseline,inf,,1.3996014645880406,0.5058333333333334,1.323529411764706,1.4705882352941178,0.5058333333333334,0.5058333333333334,1200.0,kappa_inf,$\log_{10}\delta$
tikz-v3,figure1,D,First-threshold diagnostic,2,first_threshold,bh,baseline,2.0,,1.3996014645880406,0.125,1.323529411764706,1.4705882352941178,0.125,0.125,1200.0,kappa_2.0,$\log_{10}\delta$
tikz-v3,figure1,D,First-threshold diagnostic,3,first_threshold,bh,baseline,2.5,,1.3996014645880406,0.2733333333333333,1.323529411764706,1.4705882352941178,0.2733333333333333,0.2733333333333333,1200.0,kappa_2.5,$\log_{10}\delta$
tikz-v3,figure1,D,First-threshold diagnostic,4,first_threshold,bh,baseline,3.0,,1.3996014645880406,0.37166666666666665,1.323529411764706,1.4705882352941178,0.37166666666666665,0.37166666666666665,1200.0,kappa_3.0,$\log_{10}\delta$
tikz-v3,figure1,D,First-threshold diagnostic,5,first_threshold,bh,baseline,3.5,,1.3996014645880406,0.43416666666666665,1.323529411764706,1.4705882352941178,0.43416666666666665,0.43416666666666665,1200.0,kappa_3.5,$\log_{10}\delta$
tikz-v3,figure1,D,First-threshold diagnostic,6,first_threshold,bh,baseline,4.0,,1.3996014645880406,0.47,1.323529411764706,1.4705882352941178,0.47,0.47,1200.0,kappa_4.0,$\log_{10}\delta$
tikz-v3,figure1,D,First-threshold diagnostic,1,first_threshold,bh,baseline,inf,,1.5506928373824984,0.4618181818181818,1.4705882352941178,1.6176470588235299,0.4618181818181818,0.4618181818181818,1100.0,kappa_inf,$\log_{10}\delta$
tikz-v3,figure1,D,First-threshold diagnostic,2,first_threshold,bh,baseline,2.0,,1.5506928373824984,0.07181818181818182,1.4705882352941178,1.6176470588235299,0.07181818181818182,0.07181818181818182,1100.0,kappa_2.0,$\log_{10}\delta$
tikz-v3,figure1,D,First-threshold diagnostic,3,first_threshold,bh,baseline,2.5,,1.5506928373824984,0.19454545454545455,1.4705882352941178,1.6176470588235299,0.19454545454545455,0.19454545454545455,1100.0,kappa_2.5,$\log_{10}\delta$
tikz-v3,figure1,D,First-threshold diagnostic,4,first_threshold,bh,baseline,3.0,,1.5506928373824984,0.3090909090909091,1.4705882352941178,1.6176470588235299,0.3090909090909091,0.3090909090909091,1100.0,kappa_3.0,$\log_{10}\delta$
tikz-v3,figure1,D,First-threshold diagnostic,5,first_threshold,bh,baseline,3.5,,1.5506928373824984,0.3890909090909091,1.4705882352941178,1.6176470588235299,0.3890909090909091,0.3890909090909091,1100.0,kappa_3.5,$\log_{10}\delta$
tikz-v3,figure1,D,First-threshold diagnostic,6,first_threshold,bh,baseline,4.0,,1.5506928373824984,0.4172727272727273,1.4705882352941178,1.6176470588235299,0.4172727272727273,0.4172727272727273,1100.0,kappa_4.0,$\log_{10}\delta$
tikz-v3,figure1,D,First-threshold diagnostic,1,first_threshold,bh,baseline,inf,,1.6919768302102733,0.42777777777777776,1.6176470588235299,1.7647058823529411,0.42777777777777776,0.42777777777777776,900.0,kappa_inf,$\log_{10}\delta$
tikz-v3,figure1,D,First-threshold diagnostic,2,first_threshold,bh,baseline,2.0,,1.6919768302102733,0.04666666666666667,1.6176470588235299,1.7647058823529411,0.04666666666666667,0.04666666666666667,900.0,kappa_2.0,$\log_{10}\delta$
tikz-v3,figure1,D,First-threshold diagnostic,3,first_threshold,bh,baseline,2.5,,1.6919768302102733,0.14555555555555555,1.6176470588235299,1.7647058823529411,0.14555555555555555,0.14555555555555555,900.0,kappa_2.5,$\log_{10}\delta$
tikz-v3,figure1,D,First-threshold diagnostic,4,first_threshold,bh,baseline,3.0,,1.6919768302102733,0.27666666666666667,1.6176470588235299,1.7647058823529411,0.27666666666666667,0.27666666666666667,900.0,kappa_3.0,$\log_{10}\delta$
tikz-v3,figure1,D,First-threshold diagnostic,5,first_threshold,bh,baseline,3.5,,1.6919768302102733,0.34444444444444444,1.6176470588235299,1.7647058823529411,0.34444444444444444,0.34444444444444444,900.0,kappa_3.5,$\log_{10}\delta$
tikz-v3,figure1,D,First-threshold diagnostic,6,first_threshold,bh,baseline,4.0,,1.6919768302102733,0.39,1.6176470588235299,1.7647058823529411,0.39,0.39,900.0,kappa_4.0,$\log_{10}\delta$
tikz-v3,figure1,D,First-threshold diagnostic,1,first_threshold,bh,baseline,inf,,1.8372939363299503,0.404,1.7647058823529411,1.9117647058823533,0.404,0.404,1000.0,kappa_inf,$\log_{10}\delta$
tikz-v3,figure1,D,First-threshold diagnostic,2,first_threshold,bh,baseline,2.0,,1.8372939363299503,0.043,1.7647058823529411,1.9117647058823533,0.043,0.043,1000.0,kappa_2.0,$\log_{10}\delta$
tikz-v3,figure1,D,First-threshold diagnostic,3,first_threshold,bh,baseline,2.5,,1.8372939363299503,0.124,1.7647058823529411,1.9117647058823533,0.124,0.124,1000.0,kappa_2.5,$\log_{10}\delta$
tikz-v3,figure1,D,First-threshold diagnostic,4,first_threshold,bh,baseline,3.0,,1.8372939363299503,0.24,1.7647058823529411,1.9117647058823533,0.24,0.24,1000.0,kappa_3.0,$\log_{10}\delta$
tikz-v3,figure1,D,First-threshold diagnostic,5,first_threshold,bh,baseline,3.5,,1.8372939363299503,0.315,1.7647058823529411,1.9117647058823533,0.315,0.315,1000.0,kappa_3.5,$\log_{10}\delta$
tikz-v3,figure1,D,First-threshold diagnostic,6,first_threshold,bh,baseline,4.0,,1.8372939363299503,0.353,1.7647058823529411,1.9117647058823533,0.353,0.353,1000.0,kappa_4.0,$\log_{10}\delta$
tikz-v3,figure1,D,First-threshold diagnostic,1,first_threshold,bh,baseline,inf,,1.9930384164648887,0.3388888888888889,1.9117647058823533,2.0588235294117645,0.3388888888888889,0.3388888888888889,900.0,kappa_inf,$\log_{10}\delta$
tikz-v3,figure1,D,First-threshold diagnostic,2,first_threshold,bh,baseline,2.0,,1.9930384164648887,0.02,1.9117647058823533,2.0588235294117645,0.02,0.02,900.0,kappa_2.0,$\log_{10}\delta$
tikz-v3,figure1,D,First-threshold diagnostic,3,first_threshold,bh,baseline,2.5,,1.9930384164648887,0.08333333333333333,1.9117647058823533,2.0588235294117645,0.08333333333333333,0.08333333333333333,900.0,kappa_2.5,$\log_{10}\delta$
tikz-v3,figure1,D,First-threshold diagnostic,4,first_threshold,bh,baseline,3.0,,1.9930384164648887,0.17222222222222222,1.9117647058823533,2.0588235294117645,0.17222222222222222,0.17222222222222222,900.0,kappa_3.0,$\log_{10}\delta$
tikz-v3,figure1,D,First-threshold diagnostic,5,first_threshold,bh,baseline,3.5,,1.9930384164648887,0.2411111111111111,1.9117647058823533,2.0588235294117645,0.2411111111111111,0.2411111111111111,900.0,kappa_3.5,$\log_{10}\delta$
tikz-v3,figure1,D,First-threshold diagnostic,6,first_threshold,bh,baseline,4.0,,1.9930384164648887,0.28555555555555556,1.9117647058823533,2.0588235294117645,0.28555555555555556,0.28555555555555556,900.0,kappa_4.0,$\log_{10}\delta$
tikz-v3,figure1,D,First-threshold diagnostic,1,first_threshold,bh,baseline,inf,,2.1372249111896826,0.2957142857142857,2.0588235294117645,2.2058823529411766,0.2957142857142857,0.2957142857142857,700.0,kappa_inf,$\log_{10}\delta$
tikz-v3,figure1,D,First-threshold diagnostic,2,first_threshold,bh,baseline,2.0,,2.1372249111896826,0.008571428571428572,2.0588235294117645,2.2058823529411766,0.008571428571428572,0.008571428571428572,700.0,kappa_2.0,$\log_{10}\delta$
tikz-v3,figure1,D,First-threshold diagnostic,3,first_threshold,bh,baseline,2.5,,2.1372249111896826,0.041428571428571426,2.0588235294117645,2.2058823529411766,0.041428571428571426,0.041428571428571426,700.0,kappa_2.5,$\log_{10}\delta$
tikz-v3,figure1,D,First-threshold diagnostic,4,first_threshold,bh,baseline,3.0,,2.1372249111896826,0.10857142857142857,2.0588235294117645,2.2058823529411766,0.10857142857142857,0.10857142857142857,700.0,kappa_3.0,$\log_{10}\delta$
tikz-v3,figure1,D,First-threshold diagnostic,5,first_threshold,bh,baseline,3.5,,2.1372249111896826,0.17,2.0588235294117645,2.2058823529411766,0.17,0.17,700.0,kappa_3.5,$\log_{10}\delta$
tikz-v3,figure1,D,First-threshold diagnostic,6,first_threshold,bh,baseline,4.0,,2.1372249111896826,0.2257142857142857,2.0588235294117645,2.2058823529411766,0.2257142857142857,0.2257142857142857,700.0,kappa_4.0,$\log_{10}\delta$
tikz-v3,figure1,D,First-threshold diagnostic,1,first_threshold,bh,baseline,inf,,2.2814134481887445,0.15,2.2058823529411766,2.3529411764705888,0.15,0.15,700.0,kappa_inf,$\log_{10}\delta$
tikz-v3,figure1,D,First-threshold diagnostic,2,first_threshold,bh,baseline,2.0,,2.2814134481887445,0.002857142857142857,2.2058823529411766,2.3529411764705888,0.002857142857142857,0.002857142857142857,700.0,kappa_2.0,$\log_{10}\delta$
tikz-v3,figure1,D,First-threshold diagnostic,3,first_threshold,bh,baseline,2.5,,2.2814134481887445,0.008571428571428572,2.2058823529411766,2.3529411764705888,0.008571428571428572,0.008571428571428572,700.0,kappa_2.5,$\log_{10}\delta$
tikz-v3,figure1,D,First-threshold diagnostic,4,first_threshold,bh,baseline,3.0,,2.2814134481887445,0.02,2.2058823529411766,2.3529411764705888,0.02,0.02,700.0,kappa_3.0,$\log_{10}\delta$
tikz-v3,figure1,D,First-threshold diagnostic,5,first_threshold,bh,baseline,3.5,,2.2814134481887445,0.05285714285714286,2.2058823529411766,2.3529411764705888,0.05285714285714286,0.05285714285714286,700.0,kappa_3.5,$\log_{10}\delta$
tikz-v3,figure1,D,First-threshold diagnostic,6,first_threshold,bh,baseline,4.0,,2.2814134481887445,0.08571428571428572,2.2058823529411766,2.3529411764705888,0.08571428571428572,0.08571428571428572,700.0,kappa_4.0,$\log_{10}\delta$
tikz-v3,figure1,D,First-threshold diagnostic,1,first_threshold,bh,baseline,inf,,2.418792989568773,0.01,2.3529411764705888,2.5,0.01,0.01,500.0,kappa_inf,$\log_{10}\delta$
tikz-v3,figure1,D,First-threshold diagnostic,2,first_threshold,bh,baseline,2.0,,2.418792989568773,0.002,2.3529411764705888,2.5,0.002,0.002,500.0,kappa_2.0,$\log_{10}\delta$
tikz-v3,figure1,D,First-threshold diagnostic,3,first_threshold,bh,baseline,2.5,,2.418792989568773,0.002,2.3529411764705888,2.5,0.002,0.002,500.0,kappa_2.5,$\log_{10}\delta$
tikz-v3,figure1,D,First-threshold diagnostic,4,first_threshold,bh,baseline,3.0,,2.418792989568773,0.006,2.3529411764705888,2.5,0.006,0.006,500.0,kappa_3.0,$\log_{10}\delta$
tikz-v3,figure1,D,First-threshold diagnostic,5,first_threshold,bh,baseline,3.5,,2.418792989568773,0.006,2.3529411764705888,2.5,0.006,0.006,500.0,kappa_3.5,$\log_{10}\delta$
tikz-v3,figure1,D,First-threshold diagnostic,6,first_threshold,bh,baseline,4.0,,2.418792989568773,0.008,2.3529411764705888,2.5,0.008,0.008,500.0,kappa_4.0,$\log_{10}\delta$
tikz-v3,figure1,D,First-threshold diagnostic,1,first_threshold,bh,baseline,inf,,0.946503418332577,0.5838461538461538,0.8823529411764706,1.0294117647058822,0.5838461538461538,0.5838461538461538,1300.0,kappa_inf,$\log_{10}\delta$
tikz-v3,figure1,D,First-threshold diagnostic,2,first_threshold,bh,baseline,2.0,,0.946503418332577,0.2453846153846154,0.8823529411764706,1.0294117647058822,0.2453846153846154,0.2453846153846154,1300.0,kappa_2.0,$\log_{10}\delta$
tikz-v3,figure1,D,First-threshold diagnostic,3,first_threshold,bh,baseline,2.5,,0.946503418332577,0.4053846153846154,0.8823529411764706,1.0294117647058822,0.4053846153846154,0.4053846153846154,1300.0,kappa_2.5,$\log_{10}\delta$
tikz-v3,figure1,D,First-threshold diagnostic,4,first_threshold,bh,baseline,3.0,,0.946503418332577,0.5069230769230769,0.8823529411764706,1.0294117647058822,0.5069230769230769,0.5069230769230769,1300.0,kappa_3.0,$\log_{10}\delta$
tikz-v3,figure1,D,First-threshold diagnostic,5,first_threshold,bh,baseline,3.5,,0.946503418332577,0.5476923076923077,0.8823529411764706,1.0294117647058822,0.5476923076923077,0.5476923076923077,1300.0,kappa_3.5,$\log_{10}\delta$
tikz-v3,figure1,D,First-threshold diagnostic,6,first_threshold,bh,baseline,4.0,,0.946503418332577,0.5707692307692308,0.8823529411764706,1.0294117647058822,0.5707692307692308,0.5707692307692308,1300.0,kappa_4.0,$\log_{10}\delta$
tikz-v3,figure1,D,First-threshold diagnostic,1,first_threshold,bh,baseline,inf,,1.0955975434952752,0.5925,1.0294117647058822,1.1764705882352944,0.5925,0.5925,1200.0,kappa_inf,$\log_{10}\delta$
tikz-v3,figure1,D,First-threshold diagnostic,2,first_threshold,bh,baseline,2.0,,1.0955975434952752,0.1925,1.0294117647058822,1.1764705882352944,0.1925,0.1925,1200.0,kappa_2.0,$\log_{10}\delta$
tikz-v3,figure1,D,First-threshold diagnostic,3,first_threshold,bh,baseline,2.5,,1.0955975434952752,0.3491666666666667,1.0294117647058822,1.1764705882352944,0.3491666666666667,0.3491666666666667,1200.0,kappa_2.5,$\log_{10}\delta$
tikz-v3,figure1,D,First-threshold diagnostic,4,first_threshold,bh,baseline,3.0,,1.0955975434952752,0.45166666666666666,1.0294117647058822,1.1764705882352944,0.45166666666666666,0.45166666666666666,1200.0,kappa_3.0,$\log_{10}\delta$
tikz-v3,figure1,D,First-threshold diagnostic,5,first_threshold,bh,baseline,3.5,,1.0955975434952752,0.5175,1.0294117647058822,1.1764705882352944,0.5175,0.5175,1200.0,kappa_3.5,$\log_{10}\delta$
tikz-v3,figure1,D,First-threshold diagnostic,6,first_threshold,bh,baseline,4.0,,1.0955975434952752,0.56,1.0294117647058822,1.1764705882352944,0.56,0.56,1200.0,kappa_4.0,$\log_{10}\delta$
tikz-v3,figure1,D,First-threshold diagnostic,1,first_threshold,bh,baseline,inf,,0.8015243165668029,0.707,0.7352941176470589,0.8823529411764706,0.707,0.707,1000.0,kappa_inf,$\log_{10}\delta$
tikz-v3,figure1,D,First-threshold diagnostic,2,first_threshold,bh,baseline,2.0,,0.8015243165668029,0.326,0.7352941176470589,0.8823529411764706,0.326,0.326,1000.0,kappa_2.0,$\log_{10}\delta$
tikz-v3,figure1,D,First-threshold diagnostic,3,first_threshold,bh,baseline,2.5,,0.8015243165668029,0.502,0.7352941176470589,0.8823529411764706,0.502,0.502,1000.0,kappa_2.5,$\log_{10}\delta$
tikz-v3,figure1,D,First-threshold diagnostic,4,first_threshold,bh,baseline,3.0,,0.8015243165668029,0.603,0.7352941176470589,0.8823529411764706,0.603,0.603,1000.0,kappa_3.0,$\log_{10}\delta$
tikz-v3,figure1,D,First-threshold diagnostic,5,first_threshold,bh,baseline,3.5,,0.8015243165668029,0.646,0.7352941176470589,0.8823529411764706,0.646,0.646,1000.0,kappa_3.5,$\log_{10}\delta$
tikz-v3,figure1,D,First-threshold diagnostic,6,first_threshold,bh,baseline,4.0,,0.8015243165668029,0.682,0.7352941176470589,0.8823529411764706,0.682,0.682,1000.0,kappa_4.0,$\log_{10}\delta$
tikz-v3,figure1,D,First-threshold diagnostic,1,first_threshold,bh,baseline,inf,,0.6643055266700574,0.7083333333333334,0.5882352941176472,0.7352941176470589,0.7083333333333334,0.7083333333333334,1200.0,kappa_inf,$\log_{10}\delta$
tikz-v3,figure1,D,First-threshold diagnostic,2,first_threshold,bh,baseline,2.0,,0.6643055266700574,0.37166666666666665,0.5882352941176472,0.7352941176470589,0.37166666666666665,0.37166666666666665,1200.0,kappa_2.0,$\log_{10}\delta$
tikz-v3,figure1,D,First-threshold diagnostic,3,first_threshold,bh,baseline,2.5,,0.6643055266700574,0.5241666666666667,0.5882352941176472,0.7352941176470589,0.5241666666666667,0.5241666666666667,1200.0,kappa_2.5,$\log_{10}\delta$
tikz-v3,figure1,D,First-threshold diagnostic,4,first_threshold,bh,baseline,3.0,,0.6643055266700574,0.6133333333333333,0.5882352941176472,0.7352941176470589,0.6133333333333333,0.6133333333333333,1200.0,kappa_3.0,$\log_{10}\delta$
tikz-v3,figure1,D,First-threshold diagnostic,5,first_threshold,bh,baseline,3.5,,0.6643055266700574,0.6691666666666667,0.5882352941176472,0.7352941176470589,0.6691666666666667,0.6691666666666667,1200.0,kappa_3.5,$\log_{10}\delta$
tikz-v3,figure1,D,First-threshold diagnostic,6,first_threshold,bh,baseline,4.0,,0.6643055266700574,0.6958333333333333,0.5882352941176472,0.7352941176470589,0.6958333333333333,0.6958333333333333,1200.0,kappa_4.0,$\log_{10}\delta$
tikz-v3,figure1,D,First-threshold diagnostic,1,first_threshold,bh,baseline,inf,,0.3771006869494271,0.918,0.2941176470588238,0.4411764705882355,0.918,0.918,1000.0,kappa_inf,$\log_{10}\delta$
tikz-v3,figure1,D,First-threshold diagnostic,2,first_threshold,bh,baseline,2.0,,0.3771006869494271,0.413,0.2941176470588238,0.4411764705882355,0.413,0.413,1000.0,kappa_2.0,$\log_{10}\delta$
tikz-v3,figure1,D,First-threshold diagnostic,3,first_threshold,bh,baseline,2.5,,0.3771006869494271,0.635,0.2941176470588238,0.4411764705882355,0.635,0.635,1000.0,kappa_2.5,$\log_{10}\delta$
tikz-v3,figure1,D,First-threshold diagnostic,4,first_threshold,bh,baseline,3.0,,0.3771006869494271,0.749,0.2941176470588238,0.4411764705882355,0.749,0.749,1000.0,kappa_3.0,$\log_{10}\delta$
tikz-v3,figure1,D,First-threshold diagnostic,5,first_threshold,bh,baseline,3.5,,0.3771006869494271,0.836,0.2941176470588238,0.4411764705882355,0.836,0.836,1000.0,kappa_3.5,$\log_{10}\delta$
tikz-v3,figure1,D,First-threshold diagnostic,6,first_threshold,bh,baseline,4.0,,0.3771006869494271,0.886,0.2941176470588238,0.4411764705882355,0.886,0.886,1000.0,kappa_4.0,$\log_{10}\delta$
tikz-v3,figure1,D,First-threshold diagnostic,1,first_threshold,bh,baseline,inf,,0.5251931610999521,0.91,0.4411764705882355,0.5882352941176472,0.91,0.91,900.0,kappa_inf,$\log_{10}\delta$
tikz-v3,figure1,D,First-threshold diagnostic,2,first_threshold,bh,baseline,2.0,,0.5251931610999521,0.46555555555555556,0.4411764705882355,0.5882352941176472,0.46555555555555556,0.46555555555555556,900.0,kappa_2.0,$\log_{10}\delta$
tikz-v3,figure1,D,First-threshold diagnostic,3,first_threshold,bh,baseline,2.5,,0.5251931610999521,0.68,0.4411764705882355,0.5882352941176472,0.68,0.68,900.0,kappa_2.5,$\log_{10}\delta$
tikz-v3,figure1,D,First-threshold diagnostic,4,first_threshold,bh,baseline,3.0,,0.5251931610999521,0.7811111111111111,0.4411764705882355,0.5882352941176472,0.7811111111111111,0.7811111111111111,900.0,kappa_3.0,$\log_{10}\delta$
tikz-v3,figure1,D,First-threshold diagnostic,5,first_threshold,bh,baseline,3.5,,0.5251931610999521,0.8411111111111111,0.4411764705882355,0.5882352941176472,0.8411111111111111,0.8411111111111111,900.0,kappa_3.5,$\log_{10}\delta$
tikz-v3,figure1,D,First-threshold diagnostic,6,first_threshold,bh,baseline,4.0,,0.5251931610999521,0.8755555555555555,0.4411764705882355,0.5882352941176472,0.8755555555555555,0.8755555555555555,900.0,kappa_4.0,$\log_{10}\delta$
tikz-v3,figure1,D,First-threshold diagnostic,1,first_threshold,bh,baseline,inf,,0.08431521741913477,1.0,0.0,0.1470588235294117,1.0,1.0,700.0,kappa_inf,$\log_{10}\delta$
tikz-v3,figure1,D,First-threshold diagnostic,2,first_threshold,bh,baseline,2.0,,0.08431521741913477,0.48,0.0,0.1470588235294117,0.48,0.48,700.0,kappa_2.0,$\log_{10}\delta$
tikz-v3,figure1,D,First-threshold diagnostic,3,first_threshold,bh,baseline,2.5,,0.08431521741913477,0.7357142857142858,0.0,0.1470588235294117,0.7357142857142858,0.7357142857142858,700.0,kappa_2.5,$\log_{10}\delta$
tikz-v3,figure1,D,First-threshold diagnostic,4,first_threshold,bh,baseline,3.0,,0.08431521741913477,0.8757142857142857,0.0,0.1470588235294117,0.8757142857142857,0.8757142857142857,700.0,kappa_3.0,$\log_{10}\delta$
tikz-v3,figure1,D,First-threshold diagnostic,5,first_threshold,bh,baseline,3.5,,0.08431521741913477,0.9442857142857143,0.0,0.1470588235294117,0.9442857142857143,0.9442857142857143,700.0,kappa_3.5,$\log_{10}\delta$
tikz-v3,figure1,D,First-threshold diagnostic,6,first_threshold,bh,baseline,4.0,,0.08431521741913477,0.9714285714285714,0.0,0.1470588235294117,0.9714285714285714,0.9714285714285714,700.0,kappa_4.0,$\log_{10}\delta$
tikz-v3,figure1,D,First-threshold diagnostic,1,first_threshold,bh,baseline,inf,,0.2287649018149456,1.0,0.1470588235294117,0.2941176470588238,1.0,1.0,800.0,kappa_inf,$\log_{10}\delta$
tikz-v3,figure1,D,First-threshold diagnostic,2,first_threshold,bh,baseline,2.0,,0.2287649018149456,0.5575,0.1470588235294117,0.2941176470588238,0.5575,0.5575,800.0,kappa_2.0,$\log_{10}\delta$
tikz-v3,figure1,D,First-threshold diagnostic,3,first_threshold,bh,baseline,2.5,,0.2287649018149456,0.77,0.1470588235294117,0.2941176470588238,0.77,0.77,800.0,kappa_2.5,$\log_{10}\delta$
tikz-v3,figure1,D,First-threshold diagnostic,4,first_threshold,bh,baseline,3.0,,0.2287649018149456,0.90875,0.1470588235294117,0.2941176470588238,0.90875,0.90875,800.0,kappa_3.0,$\log_{10}\delta$
tikz-v3,figure1,D,First-threshold diagnostic,5,first_threshold,bh,baseline,3.5,,0.2287649018149456,0.9725,0.1470588235294117,0.2941176470588238,0.9725,0.9725,800.0,kappa_3.5,$\log_{10}\delta$
tikz-v3,figure1,D,First-threshold diagnostic,6,first_threshold,bh,baseline,4.0,,0.2287649018149456,0.99,0.1470588235294117,0.2941176470588238,0.99,0.99,800.0,kappa_4.0,$\log_{10}\delta$
tikz-v3,figure1,D,First-threshold diagnostic,1,first_threshold,bh,baseline,inf,,-0.06440686262611847,1.0,-0.1470588235294117,0.0,1.0,1.0,700.0,kappa_inf,$\log_{10}\delta$
tikz-v3,figure1,D,First-threshold diagnostic,2,first_threshold,bh,baseline,2.0,,-0.06440686262611847,0.6628571428571428,-0.1470588235294117,0.0,0.6628571428571428,0.6628571428571428,700.0,kappa_2.0,$\log_{10}\delta$
tikz-v3,figure1,D,First-threshold diagnostic,3,first_threshold,bh,baseline,2.5,,-0.06440686262611847,0.8642857142857143,-0.1470588235294117,0.0,0.8642857142857143,0.8642857142857143,700.0,kappa_2.5,$\log_{10}\delta$
tikz-v3,figure1,D,First-threshold diagnostic,4,first_threshold,bh,baseline,3.0,,-0.06440686262611847,0.9671428571428572,-0.1470588235294117,0.0,0.9671428571428572,0.9671428571428572,700.0,kappa_3.0,$\log_{10}\delta$
tikz-v3,figure1,D,First-threshold diagnostic,5,first_threshold,bh,baseline,3.5,,-0.06440686262611847,0.9842857142857143,-0.1470588235294117,0.0,0.9842857142857143,0.9842857142857143,700.0,kappa_3.5,$\log_{10}\delta$
tikz-v3,figure1,D,First-threshold diagnostic,6,first_threshold,bh,baseline,4.0,,-0.06440686262611847,0.9985714285714286,-0.1470588235294117,0.0,0.9985714285714286,0.9985714285714286,700.0,kappa_4.0,$\log_{10}\delta$
tikz-v3,figure1,D,First-threshold diagnostic,1,first_threshold,bh,baseline,inf,,-0.2279956873099853,1.0,-0.2941176470588234,-0.1470588235294117,1.0,1.0,600.0,kappa_inf,$\log_{10}\delta$
tikz-v3,figure1,D,First-threshold diagnostic,2,first_threshold,bh,baseline,2.0,,-0.2279956873099853,0.6216666666666667,-0.2941176470588234,-0.1470588235294117,0.6216666666666667,0.6216666666666667,600.0,kappa_2.0,$\log_{10}\delta$
tikz-v3,figure1,D,First-threshold diagnostic,3,first_threshold,bh,baseline,2.5,,-0.2279956873099853,0.825,-0.2941176470588234,-0.1470588235294117,0.825,0.825,600.0,kappa_2.5,$\log_{10}\delta$
tikz-v3,figure1,D,First-threshold diagnostic,4,first_threshold,bh,baseline,3.0,,-0.2279956873099853,0.9416666666666667,-0.2941176470588234,-0.1470588235294117,0.9416666666666667,0.9416666666666667,600.0,kappa_3.0,$\log_{10}\delta$
tikz-v3,figure1,D,First-threshold diagnostic,5,first_threshold,bh,baseline,3.5,,-0.2279956873099853,0.9883333333333333,-0.2941176470588234,-0.1470588235294117,0.9883333333333333,0.9883333333333333,600.0,kappa_3.5,$\log_{10}\delta$
tikz-v3,figure1,D,First-threshold diagnostic,6,first_threshold,bh,baseline,4.0,,-0.2279956873099853,0.995,-0.2941176470588234,-0.1470588235294117,0.995,0.995,600.0,kappa_4.0,$\log_{10}\delta$
tikz-v3,figure1,D,First-threshold diagnostic,1,first_threshold,bh,baseline,inf,,-0.39279847919473776,1.0,-0.44117647058823506,-0.2941176470588234,1.0,1.0,500.0,kappa_inf,$\log_{10}\delta$
tikz-v3,figure1,D,First-threshold diagnostic,2,first_threshold,bh,baseline,2.0,,-0.39279847919473776,0.628,-0.44117647058823506,-0.2941176470588234,0.628,0.628,500.0,kappa_2.0,$\log_{10}\delta$
tikz-v3,figure1,D,First-threshold diagnostic,3,first_threshold,bh,baseline,2.5,,-0.39279847919473776,0.854,-0.44117647058823506,-0.2941176470588234,0.854,0.854,500.0,kappa_2.5,$\log_{10}\delta$
tikz-v3,figure1,D,First-threshold diagnostic,4,first_threshold,bh,baseline,3.0,,-0.39279847919473776,0.944,-0.44117647058823506,-0.2941176470588234,0.944,0.944,500.0,kappa_3.0,$\log_{10}\delta$
tikz-v3,figure1,D,First-threshold diagnostic,5,first_threshold,bh,baseline,3.5,,-0.39279847919473776,0.992,-0.44117647058823506,-0.2941176470588234,0.992,0.992,500.0,kappa_3.5,$\log_{10}\delta$
tikz-v3,figure1,D,First-threshold diagnostic,6,first_threshold,bh,baseline,4.0,,-0.39279847919473776,1.0,-0.44117647058823506,-0.2941176470588234,1.0,1.0,500.0,kappa_4.0,$\log_{10}\delta$
tikz-v3,figure1,D,First-threshold diagnostic,1,first_threshold,bh,baseline,inf,,-0.5451879150166741,1.0,-0.588235294117647,-0.44117647058823506,1.0,1.0,400.0,kappa_inf,$\log_{10}\delta$
tikz-v3,figure1,D,First-threshold diagnostic,2,first_threshold,bh,baseline,2.0,,-0.5451879150166741,0.65,-0.588235294117647,-0.44117647058823506,0.65,0.65,400.0,kappa_2.0,$\log_{10}\delta$
tikz-v3,figure1,D,First-threshold diagnostic,3,first_threshold,bh,baseline,2.5,,-0.5451879150166741,0.875,-0.588235294117647,-0.44117647058823506,0.875,0.875,400.0,kappa_2.5,$\log_{10}\delta$
tikz-v3,figure1,D,First-threshold diagnostic,4,first_threshold,bh,baseline,3.0,,-0.5451879150166741,0.9575,-0.588235294117647,-0.44117647058823506,0.9575,0.9575,400.0,kappa_3.0,$\log_{10}\delta$
tikz-v3,figure1,D,First-threshold diagnostic,5,first_threshold,bh,baseline,3.5,,-0.5451879150166741,0.9925,-0.588235294117647,-0.44117647058823506,0.9925,0.9925,400.0,kappa_3.5,$\log_{10}\delta$
tikz-v3,figure1,D,First-threshold diagnostic,6,first_threshold,bh,baseline,4.0,,-0.5451879150166741,1.0,-0.588235294117647,-0.44117647058823506,1.0,1.0,400.0,kappa_4.0,$\log_{10}\delta$
tikz-v3,figure1,D,First-threshold diagnostic,1,first_threshold,bh,baseline,inf,,-0.6920740042423654,1.0,-0.7352941176470589,-0.588235294117647,1.0,1.0,300.0,kappa_inf,$\log_{10}\delta$
tikz-v3,figure1,D,First-threshold diagnostic,2,first_threshold,bh,baseline,2.0,,-0.6920740042423654,0.6066666666666667,-0.7352941176470589,-0.588235294117647,0.6066666666666667,0.6066666666666667,300.0,kappa_2.0,$\log_{10}\delta$
tikz-v3,figure1,D,First-threshold diagnostic,3,first_threshold,bh,baseline,2.5,,-0.6920740042423654,0.8233333333333334,-0.7352941176470589,-0.588235294117647,0.8233333333333334,0.8233333333333334,300.0,kappa_2.5,$\log_{10}\delta$
tikz-v3,figure1,D,First-threshold diagnostic,4,first_threshold,bh,baseline,3.0,,-0.6920740042423654,0.9333333333333333,-0.7352941176470589,-0.588235294117647,0.9333333333333333,0.9333333333333333,300.0,kappa_3.0,$\log_{10}\delta$
tikz-v3,figure1,D,First-threshold diagnostic,5,first_threshold,bh,baseline,3.5,,-0.6920740042423654,0.98,-0.7352941176470589,-0.588235294117647,0.98,0.98,300.0,kappa_3.5,$\log_{10}\delta$
tikz-v3,figure1,D,First-threshold diagnostic,6,first_threshold,bh,baseline,4.0,,-0.6920740042423654,1.0,-0.7352941176470589,-0.588235294117647,1.0,1.0,300.0,kappa_4.0,$\log_{10}\delta$
tikz-v3,figure1,D,First-threshold diagnostic,1,first_threshold,bh,baseline,inf,,-0.9948008938157475,1.0,-1.0294117647058822,-0.8823529411764706,1.0,1.0,200.0,kappa_inf,$\log_{10}\delta$
tikz-v3,figure1,D,First-threshold diagnostic,2,first_threshold,bh,baseline,2.0,,-0.9948008938157475,0.57,-1.0294117647058822,-0.8823529411764706,0.57,0.57,200.0,kappa_2.0,$\log_{10}\delta$
tikz-v3,figure1,D,First-threshold diagnostic,3,first_threshold,bh,baseline,2.5,,-0.9948008938157475,0.825,-1.0294117647058822,-0.8823529411764706,0.825,0.825,200.0,kappa_2.5,$\log_{10}\delta$
tikz-v3,figure1,D,First-threshold diagnostic,4,first_threshold,bh,baseline,3.0,,-0.9948008938157475,0.94,-1.0294117647058822,-0.8823529411764706,0.94,0.94,200.0,kappa_3.0,$\log_{10}\delta$
tikz-v3,figure1,D,First-threshold diagnostic,5,first_threshold,bh,baseline,3.5,,-0.9948008938157475,0.985,-1.0294117647058822,-0.8823529411764706,0.985,0.985,200.0,kappa_3.5,$\log_{10}\delta$
tikz-v3,figure1,D,First-threshold diagnostic,6,first_threshold,bh,baseline,4.0,,-0.9948008938157475,0.995,-1.0294117647058822,-0.8823529411764706,0.995,0.995,200.0,kappa_4.0,$\log_{10}\delta$
tikz-v3,figure1,D,First-threshold diagnostic,1,first_threshold,bh,baseline,inf,,-0.8387948242766583,1.0,-0.8823529411764706,-0.7352941176470589,1.0,1.0,200.0,kappa_inf,$\log_{10}\delta$
tikz-v3,figure1,D,First-threshold diagnostic,2,first_threshold,bh,baseline,2.0,,-0.8387948242766583,0.685,-0.8823529411764706,-0.7352941176470589,0.685,0.685,200.0,kappa_2.0,$\log_{10}\delta$
tikz-v3,figure1,D,First-threshold diagnostic,3,first_threshold,bh,baseline,2.5,,-0.8387948242766583,0.875,-0.8823529411764706,-0.7352941176470589,0.875,0.875,200.0,kappa_2.5,$\log_{10}\delta$
tikz-v3,figure1,D,First-threshold diagnostic,4,first_threshold,bh,baseline,3.0,,-0.8387948242766583,0.97,-0.8823529411764706,-0.7352941176470589,0.97,0.97,200.0,kappa_3.0,$\log_{10}\delta$
tikz-v3,figure1,D,First-threshold diagnostic,5,first_threshold,bh,baseline,3.5,,-0.8387948242766583,1.0,-0.8823529411764706,-0.7352941176470589,1.0,1.0,200.0,kappa_3.5,$\log_{10}\delta$
tikz-v3,figure1,D,First-threshold diagnostic,6,first_threshold,bh,baseline,4.0,,-0.8387948242766583,1.0,-0.8823529411764706,-0.7352941176470589,1.0,1.0,200.0,kappa_4.0,$\log_{10}\delta$
tikz-v3,figure1,D,First-threshold diagnostic,1,first_threshold,bh,baseline,inf,,-1.3011385557150144,1.0,-1.3235294117647058,-1.1764705882352942,1.0,1.0,100.0,kappa_inf,$\log_{10}\delta$
tikz-v3,figure1,D,First-threshold diagnostic,2,first_threshold,bh,baseline,2.0,,-1.3011385557150144,0.47,-1.3235294117647058,-1.1764705882352942,0.47,0.47,100.0,kappa_2.0,$\log_{10}\delta$
tikz-v3,figure1,D,First-threshold diagnostic,3,first_threshold,bh,baseline,2.5,,-1.3011385557150144,0.74,-1.3235294117647058,-1.1764705882352942,0.74,0.74,100.0,kappa_2.5,$\log_{10}\delta$
tikz-v3,figure1,D,First-threshold diagnostic,4,first_threshold,bh,baseline,3.0,,-1.3011385557150144,0.92,-1.3235294117647058,-1.1764705882352942,0.92,0.92,100.0,kappa_3.0,$\log_{10}\delta$
tikz-v3,figure1,D,First-threshold diagnostic,5,first_threshold,bh,baseline,3.5,,-1.3011385557150144,0.99,-1.3235294117647058,-1.1764705882352942,0.99,0.99,100.0,kappa_3.5,$\log_{10}\delta$
tikz-v3,figure1,D,First-threshold diagnostic,6,first_threshold,bh,baseline,4.0,,-1.3011385557150144,0.99,-1.3235294117647058,-1.1764705882352942,0.99,0.99,100.0,kappa_4.0,$\log_{10}\delta$
tikz-v3,figure1,D,First-threshold diagnostic,1,first_threshold,bh,baseline,inf,,-1.139770553480044,1.0,-1.1764705882352942,-1.0294117647058822,1.0,1.0,100.0,kappa_inf,$\log_{10}\delta$
tikz-v3,figure1,D,First-threshold diagnostic,2,first_threshold,bh,baseline,2.0,,-1.139770553480044,0.54,-1.1764705882352942,-1.0294117647058822,0.54,0.54,100.0,kappa_2.0,$\log_{10}\delta$
tikz-v3,figure1,D,First-threshold diagnostic,3,first_threshold,bh,baseline,2.5,,-1.139770553480044,0.78,-1.1764705882352942,-1.0294117647058822,0.78,0.78,100.0,kappa_2.5,$\log_{10}\delta$
tikz-v3,figure1,D,First-threshold diagnostic,4,first_threshold,bh,baseline,3.0,,-1.139770553480044,0.93,-1.1764705882352942,-1.0294117647058822,0.93,0.93,100.0,kappa_3.0,$\log_{10}\delta$
tikz-v3,figure1,D,First-threshold diagnostic,5,first_threshold,bh,baseline,3.5,,-1.139770553480044,0.99,-1.1764705882352942,-1.0294117647058822,0.99,0.99,100.0,kappa_3.5,$\log_{10}\delta$
tikz-v3,figure1,D,First-threshold diagnostic,6,first_threshold,bh,baseline,4.0,,-1.139770553480044,1.0,-1.1764705882352942,-1.0294117647058822,1.0,1.0,100.0,kappa_4.0,$\log_{10}\delta$
tikz-v3,figure1,E,Rank-aware BH-scale diagnostic,1,rank_aware,bh,baseline,inf,,0.9576086181277441,0.0,0.8823529411764706,1.0294117647058822,0.0,0.0,1400.0,kappa_inf,$\log_{10}\Delta_{\mathrm{BH}}$
tikz-v3,figure1,E,Rank-aware BH-scale diagnostic,2,rank_aware,bh,baseline,2.0,,0.9576086181277441,0.0,0.8823529411764706,1.0294117647058822,0.0,0.0,1400.0,kappa_2.0,$\log_{10}\Delta_{\mathrm{BH}}$
tikz-v3,figure1,E,Rank-aware BH-scale diagnostic,3,rank_aware,bh,baseline,2.5,,0.9576086181277441,0.0,0.8823529411764706,1.0294117647058822,0.0,0.0,1400.0,kappa_2.5,$\log_{10}\Delta_{\mathrm{BH}}$
tikz-v3,figure1,E,Rank-aware BH-scale diagnostic,4,rank_aware,bh,baseline,3.0,,0.9576086181277441,0.0,0.8823529411764706,1.0294117647058822,0.0,0.0,1400.0,kappa_3.0,$\log_{10}\Delta_{\mathrm{BH}}$
tikz-v3,figure1,E,Rank-aware BH-scale diagnostic,5,rank_aware,bh,baseline,3.5,,0.9576086181277441,0.0,0.8823529411764706,1.0294117647058822,0.0,0.0,1400.0,kappa_3.5,$\log_{10}\Delta_{\mathrm{BH}}$
tikz-v3,figure1,E,Rank-aware BH-scale diagnostic,6,rank_aware,bh,baseline,4.0,,0.9576086181277441,0.0,0.8823529411764706,1.0294117647058822,0.0,0.0,1400.0,kappa_4.0,$\log_{10}\Delta_{\mathrm{BH}}$
tikz-v3,figure1,E,Rank-aware BH-scale diagnostic,1,rank_aware,bh,baseline,inf,,0.6767820085520535,0.0,0.5882352941176472,0.7352941176470589,0.0,0.0,1400.0,kappa_inf,$\log_{10}\Delta_{\mathrm{BH}}$
tikz-v3,figure1,E,Rank-aware BH-scale diagnostic,2,rank_aware,bh,baseline,2.0,,0.6767820085520535,0.0,0.5882352941176472,0.7352941176470589,0.0,0.0,1400.0,kappa_2.0,$\log_{10}\Delta_{\mathrm{BH}}$
tikz-v3,figure1,E,Rank-aware BH-scale diagnostic,3,rank_aware,bh,baseline,2.5,,0.6767820085520535,0.0,0.5882352941176472,0.7352941176470589,0.0,0.0,1400.0,kappa_2.5,$\log_{10}\Delta_{\mathrm{BH}}$
tikz-v3,figure1,E,Rank-aware BH-scale diagnostic,4,rank_aware,bh,baseline,3.0,,0.6767820085520535,0.0,0.5882352941176472,0.7352941176470589,0.0,0.0,1400.0,kappa_3.0,$\log_{10}\Delta_{\mathrm{BH}}$
tikz-v3,figure1,E,Rank-aware BH-scale diagnostic,5,rank_aware,bh,baseline,3.5,,0.6767820085520535,0.0,0.5882352941176472,0.7352941176470589,0.0,0.0,1400.0,kappa_3.5,$\log_{10}\Delta_{\mathrm{BH}}$
tikz-v3,figure1,E,Rank-aware BH-scale diagnostic,6,rank_aware,bh,baseline,4.0,,0.6767820085520535,0.0,0.5882352941176472,0.7352941176470589,0.0,0.0,1400.0,kappa_4.0,$\log_{10}\Delta_{\mathrm{BH}}$
tikz-v3,figure1,E,Rank-aware BH-scale diagnostic,1,rank_aware,bh,baseline,inf,,0.5076396094517,0.0007142857142857143,0.4411764705882355,0.5882352941176472,0.0007142857142857143,0.0007142857142857143,1400.0,kappa_inf,$\log_{10}\Delta_{\mathrm{BH}}$
tikz-v3,figure1,E,Rank-aware BH-scale diagnostic,2,rank_aware,bh,baseline,2.0,,0.5076396094517,0.0007142857142857143,0.4411764705882355,0.5882352941176472,0.0007142857142857143,0.0007142857142857143,1400.0,kappa_2.0,$\log_{10}\Delta_{\mathrm{BH}}$
tikz-v3,figure1,E,Rank-aware BH-scale diagnostic,3,rank_aware,bh,baseline,2.5,,0.5076396094517,0.0007142857142857143,0.4411764705882355,0.5882352941176472,0.0007142857142857143,0.0007142857142857143,1400.0,kappa_2.5,$\log_{10}\Delta_{\mathrm{BH}}$
tikz-v3,figure1,E,Rank-aware BH-scale diagnostic,4,rank_aware,bh,baseline,3.0,,0.5076396094517,0.0007142857142857143,0.4411764705882355,0.5882352941176472,0.0007142857142857143,0.0007142857142857143,1400.0,kappa_3.0,$\log_{10}\Delta_{\mathrm{BH}}$
tikz-v3,figure1,E,Rank-aware BH-scale diagnostic,5,rank_aware,bh,baseline,3.5,,0.5076396094517,0.0007142857142857143,0.4411764705882355,0.5882352941176472,0.0007142857142857143,0.0007142857142857143,1400.0,kappa_3.5,$\log_{10}\Delta_{\mathrm{BH}}$
tikz-v3,figure1,E,Rank-aware BH-scale diagnostic,6,rank_aware,bh,baseline,4.0,,0.5076396094517,0.0007142857142857143,0.4411764705882355,0.5882352941176472,0.0007142857142857143,0.0007142857142857143,1400.0,kappa_4.0,$\log_{10}\Delta_{\mathrm{BH}}$
tikz-v3,figure1,E,Rank-aware BH-scale diagnostic,1,rank_aware,bh,baseline,inf,,0.3669401074639397,0.005,0.2941176470588238,0.4411764705882355,0.005,0.005,1800.0,kappa_inf,$\log_{10}\Delta_{\mathrm{BH}}$
tikz-v3,figure1,E,Rank-aware BH-scale diagnostic,2,rank_aware,bh,baseline,2.0,,0.3669401074639397,0.0033333333333333335,0.2941176470588238,0.4411764705882355,0.0033333333333333335,0.0033333333333333335,1800.0,kappa_2.0,$\log_{10}\Delta_{\mathrm{BH}}$
tikz-v3,figure1,E,Rank-aware BH-scale diagnostic,3,rank_aware,bh,baseline,2.5,,0.3669401074639397,0.0038888888888888888,0.2941176470588238,0.4411764705882355,0.0038888888888888888,0.0038888888888888888,1800.0,kappa_2.5,$\log_{10}\Delta_{\mathrm{BH}}$
tikz-v3,figure1,E,Rank-aware BH-scale diagnostic,4,rank_aware,bh,baseline,3.0,,0.3669401074639397,0.0044444444444444444,0.2941176470588238,0.4411764705882355,0.0044444444444444444,0.0044444444444444444,1800.0,kappa_3.0,$\log_{10}\Delta_{\mathrm{BH}}$
tikz-v3,figure1,E,Rank-aware BH-scale diagnostic,5,rank_aware,bh,baseline,3.5,,0.3669401074639397,0.005,0.2941176470588238,0.4411764705882355,0.005,0.005,1800.0,kappa_3.5,$\log_{10}\Delta_{\mathrm{BH}}$
tikz-v3,figure1,E,Rank-aware BH-scale diagnostic,6,rank_aware,bh,baseline,4.0,,0.3669401074639397,0.005,0.2941176470588238,0.4411764705882355,0.005,0.005,1800.0,kappa_4.0,$\log_{10}\Delta_{\mathrm{BH}}$
tikz-v3,figure1,E,Rank-aware BH-scale diagnostic,1,rank_aware,bh,baseline,inf,,0.2882158098208927,0.031,0.1470588235294117,0.2941176470588238,0.031,0.031,1000.0,kappa_inf,$\log_{10}\Delta_{\mathrm{BH}}$
tikz-v3,figure1,E,Rank-aware BH-scale diagnostic,2,rank_aware,bh,baseline,2.0,,0.2882158098208927,0.022,0.1470588235294117,0.2941176470588238,0.022,0.022,1000.0,kappa_2.0,$\log_{10}\Delta_{\mathrm{BH}}$
tikz-v3,figure1,E,Rank-aware BH-scale diagnostic,3,rank_aware,bh,baseline,2.5,,0.2882158098208927,0.025,0.1470588235294117,0.2941176470588238,0.025,0.025,1000.0,kappa_2.5,$\log_{10}\Delta_{\mathrm{BH}}$
tikz-v3,figure1,E,Rank-aware BH-scale diagnostic,4,rank_aware,bh,baseline,3.0,,0.2882158098208927,0.026,0.1470588235294117,0.2941176470588238,0.026,0.026,1000.0,kappa_3.0,$\log_{10}\Delta_{\mathrm{BH}}$
tikz-v3,figure1,E,Rank-aware BH-scale diagnostic,5,rank_aware,bh,baseline,3.5,,0.2882158098208927,0.028,0.1470588235294117,0.2941176470588238,0.028,0.028,1000.0,kappa_3.5,$\log_{10}\Delta_{\mathrm{BH}}$
tikz-v3,figure1,E,Rank-aware BH-scale diagnostic,6,rank_aware,bh,baseline,4.0,,0.2882158098208927,0.028,0.1470588235294117,0.2941176470588238,0.028,0.028,1000.0,kappa_4.0,$\log_{10}\Delta_{\mathrm{BH}}$
tikz-v3,figure1,E,Rank-aware BH-scale diagnostic,1,rank_aware,bh,baseline,inf,,0.09809482733734336,0.15294117647058825,0.0,0.1470588235294117,0.15294117647058825,0.15294117647058825,1700.0,kappa_inf,$\log_{10}\Delta_{\mathrm{BH}}$
tikz-v3,figure1,E,Rank-aware BH-scale diagnostic,2,rank_aware,bh,baseline,2.0,,0.09809482733734336,0.01,0.0,0.1470588235294117,0.01,0.01,1700.0,kappa_2.0,$\log_{10}\Delta_{\mathrm{BH}}$
tikz-v3,figure1,E,Rank-aware BH-scale diagnostic,3,rank_aware,bh,baseline,2.5,,0.09809482733734336,0.027647058823529413,0.0,0.1470588235294117,0.027647058823529413,0.027647058823529413,1700.0,kappa_2.5,$\log_{10}\Delta_{\mathrm{BH}}$
tikz-v3,figure1,E,Rank-aware BH-scale diagnostic,4,rank_aware,bh,baseline,3.0,,0.09809482733734336,0.058823529411764705,0.0,0.1470588235294117,0.058823529411764705,0.058823529411764705,1700.0,kappa_3.0,$\log_{10}\Delta_{\mathrm{BH}}$
tikz-v3,figure1,E,Rank-aware BH-scale diagnostic,5,rank_aware,bh,baseline,3.5,,0.09809482733734336,0.09411764705882353,0.0,0.1470588235294117,0.09411764705882353,0.09411764705882353,1700.0,kappa_3.5,$\log_{10}\Delta_{\mathrm{BH}}$
tikz-v3,figure1,E,Rank-aware BH-scale diagnostic,6,rank_aware,bh,baseline,4.0,,0.09809482733734336,0.12,0.0,0.1470588235294117,0.12,0.12,1700.0,kappa_4.0,$\log_{10}\Delta_{\mathrm{BH}}$
tikz-v3,figure1,E,Rank-aware BH-scale diagnostic,1,rank_aware,bh,baseline,inf,,-0.007951372510516213,1.0,-0.1470588235294117,0.0,1.0,1.0,1100.0,kappa_inf,$\log_{10}\Delta_{\mathrm{BH}}$
tikz-v3,figure1,E,Rank-aware BH-scale diagnostic,2,rank_aware,bh,baseline,2.0,,-0.007951372510516213,0.04454545454545455,-0.1470588235294117,0.0,0.04454545454545455,0.04454545454545455,1100.0,kappa_2.0,$\log_{10}\Delta_{\mathrm{BH}}$
tikz-v3,figure1,E,Rank-aware BH-scale diagnostic,3,rank_aware,bh,baseline,2.5,,-0.007951372510516213,0.12363636363636364,-0.1470588235294117,0.0,0.12363636363636364,0.12363636363636364,1100.0,kappa_2.5,$\log_{10}\Delta_{\mathrm{BH}}$
tikz-v3,figure1,E,Rank-aware BH-scale diagnostic,4,rank_aware,bh,baseline,3.0,,-0.007951372510516213,0.23363636363636364,-0.1470588235294117,0.0,0.23363636363636364,0.23363636363636364,1100.0,kappa_3.0,$\log_{10}\Delta_{\mathrm{BH}}$
tikz-v3,figure1,E,Rank-aware BH-scale diagnostic,5,rank_aware,bh,baseline,3.5,,-0.007951372510516213,0.44,-0.1470588235294117,0.0,0.44,0.44,1100.0,kappa_3.5,$\log_{10}\Delta_{\mathrm{BH}}$
tikz-v3,figure1,E,Rank-aware BH-scale diagnostic,6,rank_aware,bh,baseline,4.0,,-0.007951372510516213,0.6327272727272727,-0.1470588235294117,0.0,0.6327272727272727,0.6327272727272727,1100.0,kappa_4.0,$\log_{10}\Delta_{\mathrm{BH}}$
tikz-v3,figure1,E,Rank-aware BH-scale diagnostic,1,rank_aware,bh,baseline,inf,,-0.19403771250988583,1.0,-0.2941176470588234,-0.1470588235294117,1.0,1.0,1600.0,kappa_inf,$\log_{10}\Delta_{\mathrm{BH}}$
tikz-v3,figure1,E,Rank-aware BH-scale diagnostic,2,rank_aware,bh,baseline,2.0,,-0.19403771250988583,0.0975,-0.2941176470588234,-0.1470588235294117,0.0975,0.0975,1600.0,kappa_2.0,$\log_{10}\Delta_{\mathrm{BH}}$
tikz-v3,figure1,E,Rank-aware BH-scale diagnostic,3,rank_aware,bh,baseline,2.5,,-0.19403771250988583,0.28375,-0.2941176470588234,-0.1470588235294117,0.28375,0.28375,1600.0,kappa_2.5,$\log_{10}\Delta_{\mathrm{BH}}$
tikz-v3,figure1,E,Rank-aware BH-scale diagnostic,4,rank_aware,bh,baseline,3.0,,-0.19403771250988583,0.57125,-0.2941176470588234,-0.1470588235294117,0.57125,0.57125,1600.0,kappa_3.0,$\log_{10}\Delta_{\mathrm{BH}}$
tikz-v3,figure1,E,Rank-aware BH-scale diagnostic,5,rank_aware,bh,baseline,3.5,,-0.19403771250988583,0.813125,-0.2941176470588234,-0.1470588235294117,0.813125,0.813125,1600.0,kappa_3.5,$\log_{10}\Delta_{\mathrm{BH}}$
tikz-v3,figure1,E,Rank-aware BH-scale diagnostic,6,rank_aware,bh,baseline,4.0,,-0.19403771250988583,0.953125,-0.2941176470588234,-0.1470588235294117,0.953125,0.953125,1600.0,kappa_4.0,$\log_{10}\Delta_{\mathrm{BH}}$
tikz-v3,figure1,E,Rank-aware BH-scale diagnostic,1,rank_aware,bh,baseline,inf,,-0.3061485144854845,1.0,-0.44117647058823506,-0.2941176470588234,1.0,1.0,1200.0,kappa_inf,$\log_{10}\Delta_{\mathrm{BH}}$
tikz-v3,figure1,E,Rank-aware BH-scale diagnostic,2,rank_aware,bh,baseline,2.0,,-0.3061485144854845,0.2,-0.44117647058823506,-0.2941176470588234,0.2,0.2,1200.0,kappa_2.0,$\log_{10}\Delta_{\mathrm{BH}}$
tikz-v3,figure1,E,Rank-aware BH-scale diagnostic,3,rank_aware,bh,baseline,2.5,,-0.3061485144854845,0.4825,-0.44117647058823506,-0.2941176470588234,0.4825,0.4825,1200.0,kappa_2.5,$\log_{10}\Delta_{\mathrm{BH}}$
tikz-v3,figure1,E,Rank-aware BH-scale diagnostic,4,rank_aware,bh,baseline,3.0,,-0.3061485144854845,0.795,-0.44117647058823506,-0.2941176470588234,0.795,0.795,1200.0,kappa_3.0,$\log_{10}\Delta_{\mathrm{BH}}$
tikz-v3,figure1,E,Rank-aware BH-scale diagnostic,5,rank_aware,bh,baseline,3.5,,-0.3061485144854845,0.9258333333333333,-0.44117647058823506,-0.2941176470588234,0.9258333333333333,0.9258333333333333,1200.0,kappa_3.5,$\log_{10}\Delta_{\mathrm{BH}}$
tikz-v3,figure1,E,Rank-aware BH-scale diagnostic,6,rank_aware,bh,baseline,4.0,,-0.3061485144854845,0.9883333333333333,-0.44117647058823506,-0.2941176470588234,0.9883333333333333,0.9883333333333333,1200.0,kappa_4.0,$\log_{10}\Delta_{\mathrm{BH}}$
tikz-v3,figure1,E,Rank-aware BH-scale diagnostic,1,rank_aware,bh,baseline,inf,,-0.47956519230787326,1.0,-0.588235294117647,-0.44117647058823506,1.0,1.0,1400.0,kappa_inf,$\log_{10}\Delta_{\mathrm{BH}}$
tikz-v3,figure1,E,Rank-aware BH-scale diagnostic,2,rank_aware,bh,baseline,2.0,,-0.47956519230787326,0.31642857142857145,-0.588235294117647,-0.44117647058823506,0.31642857142857145,0.31642857142857145,1400.0,kappa_2.0,$\log_{10}\Delta_{\mathrm{BH}}$
tikz-v3,figure1,E,Rank-aware BH-scale diagnostic,3,rank_aware,bh,baseline,2.5,,-0.47956519230787326,0.6278571428571429,-0.588235294117647,-0.44117647058823506,0.6278571428571429,0.6278571428571429,1400.0,kappa_2.5,$\log_{10}\Delta_{\mathrm{BH}}$
tikz-v3,figure1,E,Rank-aware BH-scale diagnostic,4,rank_aware,bh,baseline,3.0,,-0.47956519230787326,0.8914285714285715,-0.588235294117647,-0.44117647058823506,0.8914285714285715,0.8914285714285715,1400.0,kappa_3.0,$\log_{10}\Delta_{\mathrm{BH}}$
tikz-v3,figure1,E,Rank-aware BH-scale diagnostic,5,rank_aware,bh,baseline,3.5,,-0.47956519230787326,0.985,-0.588235294117647,-0.44117647058823506,0.985,0.985,1400.0,kappa_3.5,$\log_{10}\Delta_{\mathrm{BH}}$
tikz-v3,figure1,E,Rank-aware BH-scale diagnostic,6,rank_aware,bh,baseline,4.0,,-0.47956519230787326,0.9957142857142857,-0.588235294117647,-0.44117647058823506,0.9957142857142857,0.9957142857142857,1400.0,kappa_4.0,$\log_{10}\Delta_{\mathrm{BH}}$
tikz-v3,figure1,E,Rank-aware BH-scale diagnostic,1,rank_aware,bh,baseline,inf,,-0.7008364225812739,1.0,-0.7352941176470589,-0.588235294117647,1.0,1.0,1400.0,kappa_inf,$\log_{10}\Delta_{\mathrm{BH}}$
tikz-v3,figure1,E,Rank-aware BH-scale diagnostic,2,rank_aware,bh,baseline,2.0,,-0.7008364225812739,0.4421428571428571,-0.7352941176470589,-0.588235294117647,0.4421428571428571,0.4421428571428571,1400.0,kappa_2.0,$\log_{10}\Delta_{\mathrm{BH}}$
tikz-v3,figure1,E,Rank-aware BH-scale diagnostic,3,rank_aware,bh,baseline,2.5,,-0.7008364225812739,0.8028571428571428,-0.7352941176470589,-0.588235294117647,0.8028571428571428,0.8028571428571428,1400.0,kappa_2.5,$\log_{10}\Delta_{\mathrm{BH}}$
tikz-v3,figure1,E,Rank-aware BH-scale diagnostic,4,rank_aware,bh,baseline,3.0,,-0.7008364225812739,0.965,-0.7352941176470589,-0.588235294117647,0.965,0.965,1400.0,kappa_3.0,$\log_{10}\Delta_{\mathrm{BH}}$
tikz-v3,figure1,E,Rank-aware BH-scale diagnostic,5,rank_aware,bh,baseline,3.5,,-0.7008364225812739,0.9964285714285714,-0.7352941176470589,-0.588235294117647,0.9964285714285714,0.9964285714285714,1400.0,kappa_3.5,$\log_{10}\Delta_{\mathrm{BH}}$
tikz-v3,figure1,E,Rank-aware BH-scale diagnostic,6,rank_aware,bh,baseline,4.0,,-0.7008364225812739,1.0,-0.7352941176470589,-0.588235294117647,1.0,1.0,1400.0,kappa_4.0,$\log_{10}\Delta_{\mathrm{BH}}$
tikz-v3,figure1,E,Rank-aware BH-scale diagnostic,1,rank_aware,bh,baseline,inf,,-0.8735704826053935,1.0,-0.8823529411764706,-0.7352941176470589,1.0,1.0,1100.0,kappa_inf,$\log_{10}\Delta_{\mathrm{BH}}$
tikz-v3,figure1,E,Rank-aware BH-scale diagnostic,2,rank_aware,bh,baseline,2.0,,-0.8735704826053935,0.5336363636363637,-0.8823529411764706,-0.7352941176470589,0.5336363636363637,0.5336363636363637,1100.0,kappa_2.0,$\log_{10}\Delta_{\mathrm{BH}}$
tikz-v3,figure1,E,Rank-aware BH-scale diagnostic,3,rank_aware,bh,baseline,2.5,,-0.8735704826053935,0.8872727272727273,-0.8823529411764706,-0.7352941176470589,0.8872727272727273,0.8872727272727273,1100.0,kappa_2.5,$\log_{10}\Delta_{\mathrm{BH}}$
tikz-v3,figure1,E,Rank-aware BH-scale diagnostic,4,rank_aware,bh,baseline,3.0,,-0.8735704826053935,0.9763636363636363,-0.8823529411764706,-0.7352941176470589,0.9763636363636363,0.9763636363636363,1100.0,kappa_3.0,$\log_{10}\Delta_{\mathrm{BH}}$
tikz-v3,figure1,E,Rank-aware BH-scale diagnostic,5,rank_aware,bh,baseline,3.5,,-0.8735704826053935,0.9963636363636363,-0.8823529411764706,-0.7352941176470589,0.9963636363636363,0.9963636363636363,1100.0,kappa_3.5,$\log_{10}\Delta_{\mathrm{BH}}$
tikz-v3,figure1,E,Rank-aware BH-scale diagnostic,6,rank_aware,bh,baseline,4.0,,-0.8735704826053935,1.0,-0.8823529411764706,-0.7352941176470589,1.0,1.0,1100.0,kappa_4.0,$\log_{10}\Delta_{\mathrm{BH}}$
tikz-v3,figure1,E,Rank-aware BH-scale diagnostic,1,rank_aware,bh,baseline,inf,,-0.9813955530648373,1.0,-1.0294117647058822,-0.8823529411764706,1.0,1.0,1700.0,kappa_inf,$\log_{10}\Delta_{\mathrm{BH}}$
tikz-v3,figure1,E,Rank-aware BH-scale diagnostic,2,rank_aware,bh,baseline,2.0,,-0.9813955530648373,0.6323529411764706,-1.0294117647058822,-0.8823529411764706,0.6323529411764706,0.6323529411764706,1700.0,kappa_2.0,$\log_{10}\Delta_{\mathrm{BH}}$
tikz-v3,figure1,E,Rank-aware BH-scale diagnostic,3,rank_aware,bh,baseline,2.5,,-0.9813955530648373,0.9017647058823529,-1.0294117647058822,-0.8823529411764706,0.9017647058823529,0.9017647058823529,1700.0,kappa_2.5,$\log_{10}\Delta_{\mathrm{BH}}$
tikz-v3,figure1,E,Rank-aware BH-scale diagnostic,4,rank_aware,bh,baseline,3.0,,-0.9813955530648373,0.9741176470588235,-1.0294117647058822,-0.8823529411764706,0.9741176470588235,0.9741176470588235,1700.0,kappa_3.0,$\log_{10}\Delta_{\mathrm{BH}}$
tikz-v3,figure1,E,Rank-aware BH-scale diagnostic,5,rank_aware,bh,baseline,3.5,,-0.9813955530648373,0.9935294117647059,-1.0294117647058822,-0.8823529411764706,0.9935294117647059,0.9935294117647059,1700.0,kappa_3.5,$\log_{10}\Delta_{\mathrm{BH}}$
tikz-v3,figure1,E,Rank-aware BH-scale diagnostic,6,rank_aware,bh,baseline,4.0,,-0.9813955530648373,1.0,-1.0294117647058822,-0.8823529411764706,1.0,1.0,1700.0,kappa_4.0,$\log_{10}\Delta_{\mathrm{BH}}$
tikz-v3,figure1,E,Rank-aware BH-scale diagnostic,1,rank_aware,bh,baseline,inf,,-1.3022457853502425,1.0,-1.3235294117647058,-1.1764705882352942,1.0,1.0,1400.0,kappa_inf,$\log_{10}\Delta_{\mathrm{BH}}$
tikz-v3,figure1,E,Rank-aware BH-scale diagnostic,2,rank_aware,bh,baseline,2.0,,-1.3022457853502425,0.7728571428571429,-1.3235294117647058,-1.1764705882352942,0.7728571428571429,0.7728571428571429,1400.0,kappa_2.0,$\log_{10}\Delta_{\mathrm{BH}}$
tikz-v3,figure1,E,Rank-aware BH-scale diagnostic,3,rank_aware,bh,baseline,2.5,,-1.3022457853502425,0.9435714285714286,-1.3235294117647058,-1.1764705882352942,0.9435714285714286,0.9435714285714286,1400.0,kappa_2.5,$\log_{10}\Delta_{\mathrm{BH}}$
tikz-v3,figure1,E,Rank-aware BH-scale diagnostic,4,rank_aware,bh,baseline,3.0,,-1.3022457853502425,0.9871428571428571,-1.3235294117647058,-1.1764705882352942,0.9871428571428571,0.9871428571428571,1400.0,kappa_3.0,$\log_{10}\Delta_{\mathrm{BH}}$
tikz-v3,figure1,E,Rank-aware BH-scale diagnostic,5,rank_aware,bh,baseline,3.5,,-1.3022457853502425,0.9978571428571429,-1.3235294117647058,-1.1764705882352942,0.9978571428571429,0.9978571428571429,1400.0,kappa_3.5,$\log_{10}\Delta_{\mathrm{BH}}$
tikz-v3,figure1,E,Rank-aware BH-scale diagnostic,6,rank_aware,bh,baseline,4.0,,-1.3022457853502425,0.9992857142857143,-1.3235294117647058,-1.1764705882352942,0.9992857142857143,0.9992857142857143,1400.0,kappa_4.0,$\log_{10}\Delta_{\mathrm{BH}}$
tikz-v3,figure1,E,Rank-aware BH-scale diagnostic,1,rank_aware,bh,baseline,inf,,-1.6031672480930204,1.0,-1.6176470588235294,-1.4705882352941175,1.0,1.0,1400.0,kappa_inf,$\log_{10}\Delta_{\mathrm{BH}}$
tikz-v3,figure1,E,Rank-aware BH-scale diagnostic,2,rank_aware,bh,baseline,2.0,,-1.6031672480930204,0.8185714285714286,-1.6176470588235294,-1.4705882352941175,0.8185714285714286,0.8185714285714286,1400.0,kappa_2.0,$\log_{10}\Delta_{\mathrm{BH}}$
tikz-v3,figure1,E,Rank-aware BH-scale diagnostic,3,rank_aware,bh,baseline,2.5,,-1.6031672480930204,0.9485714285714286,-1.6176470588235294,-1.4705882352941175,0.9485714285714286,0.9485714285714286,1400.0,kappa_2.5,$\log_{10}\Delta_{\mathrm{BH}}$
tikz-v3,figure1,E,Rank-aware BH-scale diagnostic,4,rank_aware,bh,baseline,3.0,,-1.6031672480930204,0.9871428571428571,-1.6176470588235294,-1.4705882352941175,0.9871428571428571,0.9871428571428571,1400.0,kappa_3.0,$\log_{10}\Delta_{\mathrm{BH}}$
tikz-v3,figure1,E,Rank-aware BH-scale diagnostic,5,rank_aware,bh,baseline,3.5,,-1.6031672480930204,0.9985714285714286,-1.6176470588235294,-1.4705882352941175,0.9985714285714286,0.9985714285714286,1400.0,kappa_3.5,$\log_{10}\Delta_{\mathrm{BH}}$
tikz-v3,figure1,E,Rank-aware BH-scale diagnostic,6,rank_aware,bh,baseline,4.0,,-1.6031672480930204,0.9992857142857143,-1.6176470588235294,-1.4705882352941175,0.9992857142857143,0.9992857142857143,1400.0,kappa_4.0,$\log_{10}\Delta_{\mathrm{BH}}$
