export_version,figure,panel,panel_title,plot_order,group,method,dataset,severity,x,y,x_left,x_right,y_bottom,y_top,value,power,fdr,approx_log10_rank_delta,certified_proxy_rate,count,style_key,label
tikz-v1,figure5,empirical_projection,Empirical projection,1,empirical_point,empirical,breastw,0.0,3.0890049978534693,2.0346913772926287,,,,,0.0,0.0,0.0,0.27348449859197244,1.0,25,severity_0,mean empirical power
tikz-v1,figure5,empirical_projection,Empirical projection,1,empirical_point,empirical_randomized,breastw,0.0,3.0890049978534693,2.0346913772926287,,,,,0.044800000000000006,0.044800000000000006,0.12,0.27348449859197244,1.0,25,severity_0,mean empirical power
tikz-v1,figure5,empirical_projection,Empirical projection,1,empirical_point,empirical_randomized_weighted,breastw,0.0,3.0890049978534693,1.673630033383618,,,,,0.01336,0.01336,0.0,0.6345458425009832,1.0,25,severity_0,mean empirical power
tikz-v1,figure5,empirical_projection,Empirical projection,1,empirical_point,empirical_weighted,breastw,0.0,3.0890049978534693,1.673630033383618,,,,,0.0,0.0,0.0,0.6345458425009832,1.0,25,severity_0,mean empirical power
tikz-v1,figure5,empirical_projection,Empirical projection,1,empirical_point,empirical,cardio,0.0,3.517404920716244,2.6000274001355037,,,,,0.0,0.0,0.0,-0.29622088001523006,0.0,25,severity_0,mean empirical power
tikz-v1,figure5,empirical_projection,Empirical projection,1,empirical_point,empirical_randomized,cardio,0.0,3.517404920716244,2.6000274001355037,,,,,0.03144,0.03144,0.22116,-0.29622088001523006,0.0,25,severity_0,mean empirical power
tikz-v1,figure5,empirical_projection,Empirical projection,1,empirical_point,empirical_randomized_weighted,cardio,0.0,3.517404920716244,2.2063016251141065,,,,,0.004719999999999999,0.004719999999999999,0.15,0.09750489500616707,1.0,25,severity_0,mean empirical power
tikz-v1,figure5,empirical_projection,Empirical projection,1,empirical_point,empirical_weighted,cardio,0.0,3.517404920716244,2.2063016251141065,,,,,0.0,0.0,0.0,0.09750489500616707,1.0,25,severity_0,mean empirical power
tikz-v1,figure5,empirical_projection,Empirical projection,1,empirical_point,empirical,ionosphere,0.0,2.797624306644816,1.7460206223376324,,,,,0.0,0.0,0.0,0.5694848801231889,1.0,25,severity_0,mean empirical power
tikz-v1,figure5,empirical_projection,Empirical projection,1,empirical_point,empirical_randomized,ionosphere,0.0,2.797624306644816,1.7460206223376324,,,,,0.06668,0.06668,0.14,0.5694848801231889,1.0,25,severity_0,mean empirical power
tikz-v1,figure5,empirical_projection,Empirical projection,1,empirical_point,empirical_randomized_weighted,ionosphere,0.0,2.797624306644816,1.1514608139237692,,,,,0.026680000000000002,0.026680000000000002,0.12,1.164044688537052,1.0,25,severity_0,mean empirical power
tikz-v1,figure5,empirical_projection,Empirical projection,1,empirical_point,empirical_weighted,ionosphere,0.0,2.797624306644816,1.1514608139237692,,,,,0.0,0.0,0.0,1.164044688537052,1.0,25,severity_0,mean empirical power
tikz-v1,figure5,empirical_projection,Empirical projection,1,empirical_point,empirical,mammography,0.0,4.303358943966954,3.419340296986866,,,,,0.00764,0.00764,0.01,-1.0833462317300526,0.0,25,severity_0,mean empirical power
tikz-v1,figure5,empirical_projection,Empirical projection,1,empirical_point,empirical_randomized,mammography,0.0,4.303358943966954,3.419340296986866,,,,,0.02204,0.02204,0.11188000000000001,-1.0833462317300526,0.0,25,severity_0,mean empirical power
tikz-v1,figure5,empirical_projection,Empirical projection,1,empirical_point,empirical_randomized_weighted,mammography,0.0,4.303358943966954,3.246286972873356,,,,,0.009640000000000001,0.009640000000000001,0.07688,-0.9102929076165438,0.0,25,severity_0,mean empirical power
tikz-v1,figure5,empirical_projection,Empirical projection,1,empirical_point,empirical_weighted,mammography,0.0,4.303358943966954,3.246286972873356,,,,,0.0,0.0,0.0,-0.9102929076165438,0.0,25,severity_0,mean empirical power
tikz-v1,figure5,empirical_projection,Empirical projection,1,empirical_point,empirical,musk,0.0,3.7405708685891295,2.8540687295539438,,,,,1.0,1.0,0.05196,-0.5529016831981154,0.0,25,severity_0,mean empirical power
tikz-v1,figure5,empirical_projection,Empirical projection,1,empirical_point,empirical_randomized,musk,0.0,3.7405708685891295,2.8540687295539438,,,,,1.0,1.0,0.0726,-0.5529016831981154,0.0,25,severity_0,mean empirical power
tikz-v1,figure5,empirical_projection,Empirical projection,1,empirical_point,empirical_randomized_weighted,musk,0.0,3.7405708685891295,2.514607424365951,,,,,0.20704,0.20704,0.07468,-0.21344037801012256,0.0,25,severity_0,mean empirical power
tikz-v1,figure5,empirical_projection,Empirical projection,1,empirical_point,empirical_weighted,musk,0.0,3.7405708685891295,2.514607424365951,,,,,0.04,0.04,0.004,-0.21344037801012256,0.0,25,severity_0,mean empirical power
tikz-v1,figure5,empirical_projection,Empirical projection,1,empirical_point,empirical,satellite,0.0,4.063935465431172,3.024967782328783,,,,,0.1516,0.1516,0.0692,-0.7240963718348342,0.0,25,severity_0,mean empirical power
tikz-v1,figure5,empirical_projection,Empirical projection,1,empirical_point,empirical_randomized,satellite,0.0,4.063935465431172,3.024967782328783,,,,,0.21928,0.21928,0.17968,-0.7240963718348342,0.0,25,severity_0,mean empirical power
tikz-v1,figure5,empirical_projection,Empirical projection,1,empirical_point,empirical_randomized_weighted,satellite,0.0,4.063935465431172,2.812499958793464,,,,,0.040040000000000006,0.040040000000000006,0.03568,-0.5116285482995154,0.0,25,severity_0,mean empirical power
tikz-v1,figure5,empirical_projection,Empirical projection,1,empirical_point,empirical_weighted,satellite,0.0,4.063935465431172,2.812499958793464,,,,,0.01932,0.01932,0.00972,-0.5116285482995154,0.0,25,severity_0,mean empirical power
tikz-v1,figure5,empirical_projection,Empirical projection,1,empirical_point,empirical,vowels,0.0,3.417920471855208,2.5308682488705525,,,,,0.0,0.0,0.0,-0.22519135432527562,0.0,25,severity_0,mean empirical power
tikz-v1,figure5,empirical_projection,Empirical projection,1,empirical_point,empirical_randomized,vowels,0.0,3.417920471855208,2.5308682488705525,,,,,0.034159999999999996,0.034159999999999996,0.12,-0.22519135432527562,0.0,25,severity_0,mean empirical power
tikz-v1,figure5,empirical_projection,Empirical projection,1,empirical_point,empirical_randomized_weighted,vowels,0.0,3.417920471855208,2.1075852297475763,,,,,0.009519999999999999,0.009519999999999999,0.0,0.19809166479770077,1.0,25,severity_0,mean empirical power
tikz-v1,figure5,empirical_projection,Empirical projection,1,empirical_point,empirical_weighted,vowels,0.0,3.417920471855208,2.1075852297475763,,,,,0.0,0.0,0.0,0.19809166479770077,1.0,25,severity_0,mean empirical power
tikz-v1,figure5,empirical_projection,Empirical projection,1,empirical_point,empirical,wbc,0.0,2.5972585818008254,1.7255341201961805,,,,,0.0,0.0,0.0,0.582735665767223,1.0,25,severity_0,mean empirical power
tikz-v1,figure5,empirical_projection,Empirical projection,1,empirical_point,empirical_randomized,wbc,0.0,2.5972585818008254,1.7255341201961805,,,,,0.1,0.1,0.11336,0.582735665767223,1.0,25,severity_0,mean empirical power
tikz-v1,figure5,empirical_projection,Empirical projection,1,empirical_point,empirical_randomized_weighted,wbc,0.0,2.5972585818008254,1.4822130192947682,,,,,0.0,0.0,0.04,0.8260567666686353,1.0,25,severity_0,mean empirical power
tikz-v1,figure5,empirical_projection,Empirical projection,1,empirical_point,empirical_weighted,wbc,0.0,2.5972585818008254,1.4822130192947682,,,,,0.0,0.0,0.0,0.8260567666686353,1.0,25,severity_0,mean empirical power
tikz-v1,figure5,empirical_projection,Empirical projection,1,empirical_point,empirical,wdbc,0.0,2.817384671539814,1.9446745418731408,,,,,0.0,0.0,0.0,0.4217173754980241,1.0,25,severity_0,mean empirical power
tikz-v1,figure5,empirical_projection,Empirical projection,1,empirical_point,empirical_randomized,wdbc,0.0,2.817384671539814,1.9446745418731408,,,,,0.08,0.08,0.17067999999999997,0.4217173754980241,1.0,25,severity_0,mean empirical power
tikz-v1,figure5,empirical_projection,Empirical projection,1,empirical_point,empirical_randomized_weighted,wdbc,0.0,2.817384671539814,1.4337221897306731,,,,,0.0,0.0,0.04,0.9326697276404918,1.0,25,severity_0,mean empirical power
tikz-v1,figure5,empirical_projection,Empirical projection,1,empirical_point,empirical_weighted,wdbc,0.0,2.817384671539814,1.4337221897306731,,,,,0.0,0.0,0.0,0.9326697276404918,1.0,25,severity_0,mean empirical power
tikz-v1,figure5,empirical_projection,Empirical projection,1,empirical_point,empirical_randomized_weighted,breastw,0.5,3.1170561921766398,1.494677807682022,,,,,0.011439999999999999,0.011439999999999999,0.04,0.8147705466735043,1.0,25,severity_0.5,mean empirical power
tikz-v1,figure5,empirical_projection,Empirical projection,1,empirical_point,empirical_weighted,breastw,0.5,3.1170561921766398,1.494677807682022,,,,,0.0,0.0,0.0,0.8147705466735043,1.0,25,severity_0.5,mean empirical power
tikz-v1,figure5,empirical_projection,Empirical projection,1,empirical_point,empirical_randomized_weighted,cardio,0.5,3.5102120965488712,2.1072375958033147,,,,,0.0074399999999999996,0.0074399999999999996,0.02,0.19786935193585356,1.0,25,severity_0.5,mean empirical power
tikz-v1,figure5,empirical_projection,Empirical projection,1,empirical_point,empirical_weighted,cardio,0.5,3.5102120965488712,2.1072375958033147,,,,,0.0,0.0,0.0,0.19786935193585356,1.0,25,severity_0.5,mean empirical power
tikz-v1,figure5,empirical_projection,Empirical projection,1,empirical_point,empirical_randomized_weighted,ionosphere,0.5,2.790777793558436,1.0368262846567873,,,,,0.06663999999999999,0.06663999999999999,0.07,1.2718327047176545,1.0,25,severity_0.5,mean empirical power
tikz-v1,figure5,empirical_projection,Empirical projection,1,empirical_point,empirical_weighted,ionosphere,0.5,2.790777793558436,1.0368262846567873,,,,,0.0,0.0,0.0,1.2718327047176545,1.0,25,severity_0.5,mean empirical power
tikz-v1,figure5,empirical_projection,Empirical projection,1,empirical_point,empirical_randomized_weighted,mammography,0.5,4.305158016934539,3.0658489475530075,,,,,0.00596,0.00596,0.01944,-0.7637798701449933,0.0,25,severity_0.5,mean empirical power
tikz-v1,figure5,empirical_projection,Empirical projection,1,empirical_point,empirical_weighted,mammography,0.5,4.305158016934539,3.0658489475530075,,,,,0.0,0.0,0.0,-0.7637798701449933,0.0,25,severity_0.5,mean empirical power
tikz-v1,figure5,empirical_projection,Empirical projection,1,empirical_point,empirical_randomized_weighted,musk,0.5,3.74126344578202,2.274039603177456,,,,,0.06359999999999999,0.06359999999999999,0.03956,0.027061306808224397,0.52,25,severity_0.5,mean empirical power
tikz-v1,figure5,empirical_projection,Empirical projection,1,empirical_point,empirical_weighted,musk,0.5,3.74126344578202,2.274039603177456,,,,,0.0,0.0,0.0,0.027061306808224397,0.52,25,severity_0.5,mean empirical power
tikz-v1,figure5,empirical_projection,Empirical projection,1,empirical_point,empirical_randomized_weighted,satellite,0.5,4.051276665109334,2.6683335420609895,,,,,0.007039999999999999,0.007039999999999999,0.02352,-0.36736396325170384,0.0,25,severity_0.5,mean empirical power
tikz-v1,figure5,empirical_projection,Empirical projection,1,empirical_point,empirical_weighted,satellite,0.5,4.051276665109334,2.6683335420609895,,,,,0.0,0.0,0.0,-0.36736396325170384,0.0,25,severity_0.5,mean empirical power
tikz-v1,figure5,empirical_projection,Empirical projection,1,empirical_point,empirical_randomized_weighted,vowels,0.5,3.419663524053894,1.9481442696499662,,,,,0.0064,0.0064,0.0,0.3552073212584038,1.0,25,severity_0.5,mean empirical power
tikz-v1,figure5,empirical_projection,Empirical projection,1,empirical_point,empirical_weighted,vowels,0.5,3.419663524053894,1.9481442696499662,,,,,0.0,0.0,0.0,0.3552073212584038,1.0,25,severity_0.5,mean empirical power
tikz-v1,figure5,empirical_projection,Empirical projection,1,empirical_point,empirical_randomized_weighted,wbc,0.5,2.6068896581288086,1.4256150571922672,,,,,0.02,0.02,0.0,0.8802446052725599,1.0,25,severity_0.5,mean empirical power
tikz-v1,figure5,empirical_projection,Empirical projection,1,empirical_point,empirical_weighted,wbc,0.5,2.6068896581288086,1.4256150571922672,,,,,0.0,0.0,0.0,0.8802446052725599,1.0,25,severity_0.5,mean empirical power
tikz-v1,figure5,empirical_projection,Empirical projection,1,empirical_point,empirical_randomized_weighted,wdbc,0.5,2.8252825509934043,1.3112954635035947,,,,,0.023319999999999997,0.023319999999999997,0.06,1.0209678367086092,1.0,25,severity_0.5,mean empirical power
tikz-v1,figure5,empirical_projection,Empirical projection,1,empirical_point,empirical_weighted,wdbc,0.5,2.8252825509934043,1.3112954635035947,,,,,0.0,0.0,0.0,1.0209678367086092,1.0,25,severity_0.5,mean empirical power
tikz-v1,figure5,empirical_projection,Empirical projection,1,empirical_point,empirical_randomized_weighted,breastw,1.0,3.116775140356671,1.461077678120684,,,,,0.011439999999999999,0.011439999999999999,0.04,0.8454117528296484,1.0,25,severity_1,mean empirical power
tikz-v1,figure5,empirical_projection,Empirical projection,1,empirical_point,empirical_weighted,breastw,1.0,3.116775140356671,1.461077678120684,,,,,0.0,0.0,0.0,0.8454117528296484,1.0,25,severity_1,mean empirical power
tikz-v1,figure5,empirical_projection,Empirical projection,1,empirical_point,empirical_randomized_weighted,cardio,1.0,3.5085624106527735,2.0759620656445366,,,,,0.00496,0.00496,0.04,0.22861634514254373,1.0,25,severity_1,mean empirical power
tikz-v1,figure5,empirical_projection,Empirical projection,1,empirical_point,empirical_weighted,cardio,1.0,3.5085624106527735,2.0759620656445366,,,,,0.0,0.0,0.0,0.22861634514254373,1.0,25,severity_1,mean empirical power
tikz-v1,figure5,empirical_projection,Empirical projection,1,empirical_point,empirical_randomized_weighted,ionosphere,1.0,2.793649502903601,0.9788871324777828,,,,,0.0,0.0,0.04,1.3376411157061556,1.0,25,severity_1,mean empirical power
tikz-v1,figure5,empirical_projection,Empirical projection,1,empirical_point,empirical_weighted,ionosphere,1.0,2.793649502903601,0.9788871324777828,,,,,0.0,0.0,0.0,1.3376411157061556,1.0,25,severity_1,mean empirical power
tikz-v1,figure5,empirical_projection,Empirical projection,1,empirical_point,empirical_randomized_weighted,mammography,1.0,4.30494539304973,3.062636543376418,,,,,0.002,0.002,0.036000000000000004,-0.7607853026902437,0.0,25,severity_1,mean empirical power
tikz-v1,figure5,empirical_projection,Empirical projection,1,empirical_point,empirical_weighted,mammography,1.0,4.30494539304973,3.062636543376418,,,,,0.0,0.0,0.0,-0.7607853026902437,0.0,25,severity_1,mean empirical power
tikz-v1,figure5,empirical_projection,Empirical projection,1,empirical_point,empirical_randomized_weighted,musk,1.0,3.742615103580978,2.2900080185058673,,,,,0.09119999999999999,0.09119999999999999,0.0848,0.009939638554513568,0.52,25,severity_1,mean empirical power
tikz-v1,figure5,empirical_projection,Empirical projection,1,empirical_point,empirical_weighted,musk,1.0,3.742615103580978,2.2900080185058673,,,,,0.0,0.0,0.0,0.009939638554513568,0.52,25,severity_1,mean empirical power
tikz-v1,figure5,empirical_projection,Empirical projection,1,empirical_point,empirical_randomized_weighted,satellite,1.0,4.055800517767976,2.6623061614854464,,,,,0.00988,0.00988,0.07232,-0.3614154817403213,0.0,25,severity_1,mean empirical power
tikz-v1,figure5,empirical_projection,Empirical projection,1,empirical_point,empirical_weighted,satellite,1.0,4.055800517767976,2.6623061614854464,,,,,0.0,0.0,0.0,-0.3614154817403213,0.0,25,severity_1,mean empirical power
tikz-v1,figure5,empirical_projection,Empirical projection,1,empirical_point,empirical_randomized_weighted,vowels,1.0,3.419639311810061,1.9545382348134441,,,,,0.0028399999999999996,0.0028399999999999996,0.0,0.34600817535035566,1.0,25,severity_1,mean empirical power
tikz-v1,figure5,empirical_projection,Empirical projection,1,empirical_point,empirical_weighted,vowels,1.0,3.419639311810061,1.9545382348134441,,,,,0.0,0.0,0.0,0.34600817535035566,1.0,25,severity_1,mean empirical power
tikz-v1,figure5,empirical_projection,Empirical projection,1,empirical_point,empirical_randomized_weighted,wbc,1.0,2.6054917817847456,1.3848448572748442,,,,,0.06,0.06,0.0,0.9196169288459204,1.0,25,severity_1,mean empirical power
tikz-v1,figure5,empirical_projection,Empirical projection,1,empirical_point,empirical_weighted,wbc,1.0,2.6054917817847456,1.3848448572748442,,,,,0.0,0.0,0.0,0.9196169288459204,1.0,25,severity_1,mean empirical power
tikz-v1,figure5,empirical_projection,Empirical projection,1,empirical_point,empirical_randomized_weighted,wdbc,1.0,2.8264336829313237,1.2552220228799846,,,,,0.0,0.0,0.08,1.0781924092701392,1.0,25,severity_1,mean empirical power
tikz-v1,figure5,empirical_projection,Empirical projection,1,empirical_point,empirical_weighted,wdbc,1.0,2.8264336829313237,1.2552220228799846,,,,,0.0,0.0,0.0,1.0781924092701392,1.0,25,severity_1,mean empirical power
tikz-v1,figure5,empirical_projection,Empirical projection,1,empirical_point,empirical_randomized_weighted,breastw,4.0,3.117194047135882,1.4254373689589017,,,,,0.022879999999999998,0.022879999999999998,0.04,0.8787930971854178,1.0,25,severity_4,mean empirical power
tikz-v1,figure5,empirical_projection,Empirical projection,1,empirical_point,empirical_weighted,breastw,4.0,3.117194047135882,1.4254373689589017,,,,,0.0,0.0,0.0,0.8787930971854178,1.0,25,severity_4,mean empirical power
tikz-v1,figure5,empirical_projection,Empirical projection,1,empirical_point,empirical_randomized_weighted,cardio,4.0,3.5078957819572274,2.0670396919712157,,,,,0.00996,0.00996,0.08,0.23575094117630846,1.0,25,severity_4,mean empirical power
tikz-v1,figure5,empirical_projection,Empirical projection,1,empirical_point,empirical_weighted,cardio,4.0,3.5078957819572274,2.0670396919712157,,,,,0.0,0.0,0.0,0.23575094117630846,1.0,25,severity_4,mean empirical power
tikz-v1,figure5,empirical_projection,Empirical projection,1,empirical_point,empirical_randomized_weighted,ionosphere,4.0,2.8096235141056907,0.9327838332573195,,,,,0.023319999999999997,0.023319999999999997,0.06,1.3847257777357127,1.0,25,severity_4,mean empirical power
tikz-v1,figure5,empirical_projection,Empirical projection,1,empirical_point,empirical_weighted,ionosphere,4.0,2.8096235141056907,0.9327838332573195,,,,,0.0,0.0,0.0,1.3847257777357127,1.0,25,severity_4,mean empirical power
tikz-v1,figure5,empirical_projection,Empirical projection,1,empirical_point,empirical_randomized_weighted,mammography,4.0,4.305694660163577,3.0674491727871414,,,,,0.0012,0.0012,0.06,-0.765709392535354,0.0,25,severity_4,mean empirical power
tikz-v1,figure5,empirical_projection,Empirical projection,1,empirical_point,empirical_weighted,mammography,4.0,4.305694660163577,3.0674491727871414,,,,,0.0,0.0,0.0,-0.765709392535354,0.0,25,severity_4,mean empirical power
tikz-v1,figure5,empirical_projection,Empirical projection,1,empirical_point,empirical_randomized_weighted,musk,4.0,3.7429214841322676,2.3243333956278995,,,,,0.11203999999999999,0.11203999999999999,0.11388,-0.022861834626828142,0.32,25,severity_4,mean empirical power
tikz-v1,figure5,empirical_projection,Empirical projection,1,empirical_point,empirical_weighted,musk,4.0,3.7429214841322676,2.3243333956278995,,,,,0.04,0.04,0.008239999999999999,-0.022861834626828142,0.32,25,severity_4,mean empirical power
tikz-v1,figure5,empirical_projection,Empirical projection,1,empirical_point,empirical_randomized_weighted,satellite,4.0,4.0617517135120496,2.650642741565926,,,,,0.008320000000000001,0.008320000000000001,0.05668,-0.34988153194101407,0.0,25,severity_4,mean empirical power
tikz-v1,figure5,empirical_projection,Empirical projection,1,empirical_point,empirical_weighted,satellite,4.0,4.0617517135120496,2.650642741565926,,,,,0.0,0.0,0.0,-0.34988153194101407,0.0,25,severity_4,mean empirical power
tikz-v1,figure5,empirical_projection,Empirical projection,1,empirical_point,empirical_randomized_weighted,vowels,4.0,3.420031943280537,1.9289878665768032,,,,,0.0,0.0,0.0,0.371951175057473,1.0,25,severity_4,mean empirical power
tikz-v1,figure5,empirical_projection,Empirical projection,1,empirical_point,empirical_weighted,vowels,4.0,3.420031943280537,1.9289878665768032,,,,,0.0,0.0,0.0,0.371951175057473,1.0,25,severity_4,mean empirical power
tikz-v1,figure5,empirical_projection,Empirical projection,1,empirical_point,empirical_randomized_weighted,wbc,4.0,2.605494524169044,1.3353500568303165,,,,,0.02,0.02,0.0,0.9691144716747465,1.0,25,severity_4,mean empirical power
tikz-v1,figure5,empirical_projection,Empirical projection,1,empirical_point,empirical_weighted,wbc,4.0,2.605494524169044,1.3353500568303165,,,,,0.0,0.0,0.0,0.9691144716747465,1.0,25,severity_4,mean empirical power
tikz-v1,figure5,empirical_projection,Empirical projection,1,empirical_point,empirical_randomized_weighted,wdbc,4.0,2.823450434020314,1.2260455570997162,,,,,0.0,0.0,0.04,1.1093831756037302,1.0,25,severity_4,mean empirical power
tikz-v1,figure5,empirical_projection,Empirical projection,1,empirical_point,empirical_weighted,wdbc,4.0,2.823450434020314,1.2260455570997162,,,,,0.0,0.0,0.0,1.1093831756037302,1.0,25,severity_4,mean empirical power
tikz-v1,figure5,empirical_projection,Empirical projection,1,empirical_point,empirical_randomized_weighted,breastw,16.0,3.116673946880965,1.433063111364418,,,,,0.0,0.0,0.0,0.8733251261102091,1.0,25,severity_16,mean empirical power
tikz-v1,figure5,empirical_projection,Empirical projection,1,empirical_point,empirical_weighted,breastw,16.0,3.116673946880965,1.433063111364418,,,,,0.0,0.0,0.0,0.8733251261102091,1.0,25,severity_16,mean empirical power
tikz-v1,figure5,empirical_projection,Empirical projection,1,empirical_point,empirical_randomized_weighted,cardio,16.0,3.507303044792014,2.0484074117267217,,,,,0.0074399999999999996,0.0074399999999999996,0.04,0.2527373267066948,1.0,25,severity_16,mean empirical power
tikz-v1,figure5,empirical_projection,Empirical projection,1,empirical_point,empirical_weighted,cardio,16.0,3.507303044792014,2.0484074117267217,,,,,0.0,0.0,0.0,0.2527373267066948,1.0,25,severity_16,mean empirical power
tikz-v1,figure5,empirical_projection,Empirical projection,1,empirical_point,empirical_randomized_weighted,ionosphere,16.0,2.809479293328593,0.9445466586916842,,,,,0.023319999999999997,0.023319999999999997,0.06,1.3728187315242502,1.0,25,severity_16,mean empirical power
tikz-v1,figure5,empirical_projection,Empirical projection,1,empirical_point,empirical_weighted,ionosphere,16.0,2.809479293328593,0.9445466586916842,,,,,0.0,0.0,0.0,1.3728187315242502,1.0,25,severity_16,mean empirical power
tikz-v1,figure5,empirical_projection,Empirical projection,1,empirical_point,empirical_randomized_weighted,mammography,16.0,4.305866842993442,3.0683610359807925,,,,,0.005560000000000001,0.005560000000000001,0.08332,-0.7666255767547496,0.0,25,severity_16,mean empirical power
tikz-v1,figure5,empirical_projection,Empirical projection,1,empirical_point,empirical_weighted,mammography,16.0,4.305866842993442,3.0683610359807925,,,,,0.0,0.0,0.0,-0.7666255767547496,0.0,25,severity_16,mean empirical power
tikz-v1,figure5,empirical_projection,Empirical projection,1,empirical_point,empirical_randomized_weighted,musk,16.0,3.744078328160484,2.322630424489392,,,,,0.09496,0.09496,0.047720000000000005,-0.0218751594970318,0.4,25,severity_16,mean empirical power
tikz-v1,figure5,empirical_projection,Empirical projection,1,empirical_point,empirical_weighted,musk,16.0,3.744078328160484,2.322630424489392,,,,,0.0,0.0,0.0,-0.0218751594970318,0.4,25,severity_16,mean empirical power
tikz-v1,figure5,empirical_projection,Empirical projection,1,empirical_point,empirical_randomized_weighted,satellite,16.0,4.06256490037676,2.6588379499825403,,,,,0.0,0.0,0.0,-0.35815960045487233,0.0,25,severity_16,mean empirical power
tikz-v1,figure5,empirical_projection,Empirical projection,1,empirical_point,empirical_weighted,satellite,16.0,4.06256490037676,2.6588379499825403,,,,,0.0,0.0,0.0,-0.35815960045487233,0.0,25,severity_16,mean empirical power
tikz-v1,figure5,empirical_projection,Empirical projection,1,empirical_point,empirical_randomized_weighted,vowels,16.0,3.419753001338584,1.9221147036610102,,,,,0.00616,0.00616,0.04,0.37993588028168096,1.0,25,severity_16,mean empirical power
tikz-v1,figure5,empirical_projection,Empirical projection,1,empirical_point,empirical_weighted,vowels,16.0,3.419753001338584,1.9221147036610102,,,,,0.0,0.0,0.0,0.37993588028168096,1.0,25,severity_16,mean empirical power
tikz-v1,figure5,empirical_projection,Empirical projection,1,empirical_point,empirical_randomized_weighted,wbc,16.0,2.607245375579397,1.341077769401288,,,,,0.02,0.02,0.04,0.965137610514128,1.0,25,severity_16,mean empirical power
tikz-v1,figure5,empirical_projection,Empirical projection,1,empirical_point,empirical_weighted,wbc,16.0,2.607245375579397,1.341077769401288,,,,,0.0,0.0,0.0,0.965137610514128,1.0,25,severity_16,mean empirical power
tikz-v1,figure5,empirical_projection,Empirical projection,1,empirical_point,empirical_randomized_weighted,wdbc,16.0,2.822388797618598,1.246094627214788,,,,,0.04332,0.04332,0.11332,1.0882724690869419,1.0,25,severity_16,mean empirical power
tikz-v1,figure5,empirical_projection,Empirical projection,1,empirical_point,empirical_weighted,wdbc,16.0,2.822388797618598,1.246094627214788,,,,,0.0,0.0,0.0,1.0882724690869419,1.0,25,severity_16,mean empirical power
tikz-v1,figure5,empirical_projection,Empirical projection,101,resolution_boundary,,,,0.5954755322837073,0.5954755322837073,,,,,,,,,,,diagonal_y_equals_x,$1/p_{\min}^{proxy}=m/\alpha$
tikz-v1,figure5,empirical_projection,Empirical projection,102,resolution_boundary,,,,4.6431751439670546,4.6431751439670546,,,,,,,,,,,diagonal_y_equals_x,$1/p_{\min}^{proxy}=m/\alpha$
