summary_version,rho_order,rho,clip_order,clip_cap,clip_cap_label,plot_x,alpha,n_cal,m,n_seeds,tail_grid_size,tail_probability_min,tail_probability_max,bh_first_threshold,max_test_self_atom_mean,max_test_self_atom_median,test_self_atom_q50_mean,test_self_atom_q50_median,test_self_atom_q90_mean,test_self_atom_q90_median,test_self_atom_q95_mean,test_self_atom_q95_median,test_self_atom_q99_mean,test_self_atom_q99_median,max_calib_atom_mean,max_calib_atom_median,calib_ess_mean,calib_ess_median,calib_ess_fraction_mean,calib_ess_fraction_median,total_calib_weight_mean,total_calib_weight_median,max_test_self_atom_to_bh_threshold_mean,max_test_self_atom_to_bh_threshold_median,log10_inverse_max_test_self_atom_mean,log10_inverse_max_test_self_atom_median,sample_tail_bias_mean_mean,sample_tail_bias_mean_median,sample_tail_abs_bias_mean_mean,sample_tail_abs_bias_mean_median,sample_tail_bias_max_abs_mean,sample_tail_bias_max_abs_median,oracle_tail_mismatch_mean_abs_log10,oracle_tail_mismatch_max_abs_log10,oracle_tail_bias_mean,oracle_tail_abs_bias_mean,oracle_tail_bias_max_abs,oracle_tail_bias_signed_max,oracle_tail_bias_signed_min,clipped_target_normalizer,clipped_shift_tail_mass,clipped_reference_tail_mass,clipped_target_tv
clipping-frontier-v2,0,0.5,0,1.0,c=1,0.0,0.1,500,1000,500,80,0.0001,0.5,0.0001,0.002486518301548675,0.002484371528946841,0.002486518301548675,0.002484371528946841,0.002486518301548675,0.002484371528946841,0.002486518301548675,0.002484371528946841,0.002486518301548675,0.002484371528946841,0.0024927173839719256,0.002490559002827385,465.2288863689394,465.09788241728734,0.9304577727378787,0.9301957648345747,401.2265195766888,401.51628582641433,24.86518301548675,24.84371528946841,2.6044395523961366,2.604783456536441,-0.025100214252464635,-0.025197939664227,0.025184409461935175,0.025231968785445022,0.12809181230312375,0.12837868179294404,0.5305388261598772,0.8157002517443694,-0.0250192534401175,0.0250192534401175,0.11897198144275911,-8.471379258057619e-05,-0.11897198144275911,0.8025873486341526,0.5987063256829237,0.4012936743170763,0.11927086865297255
clipping-frontier-v2,0,0.5,1,1.5,c=1.5,0.17609125905568124,0.1,500,1000,500,80,0.0001,0.5,0.0001,0.0032200131893328206,0.003216940580545742,0.0024385254301346115,0.0024416896815573712,0.0032200131893328206,0.003216940580545742,0.0032200131893328206,0.003216940580545742,0.0032200131893328206,0.003216940580545742,0.0032304180630162503,0.00322732268586326,432.56866243325055,432.38001399763357,0.8651373248665012,0.8647600279952671,464.46498952837686,464.78153764525064,32.200131893328205,32.169405805457416,2.4922022499563585,2.492556960848261,-0.015386372817801664,-0.015312087967693403,0.015597445981776875,0.015425643173302535,0.07002433556005626,0.06996803367165065,0.4189621845500099,0.7031878639950698,-0.015250295257135721,0.015250295257135721,0.05618067926054471,-8.019329943593004e-05,-0.05618067926054471,0.9291186568712951,0.2874225551874696,0.1443608080391765,0.056196310450112724
clipping-frontier-v2,0,0.5,2,2.0,c=2,0.3010299956639812,0.1,500,1000,500,80,0.0001,0.5,0.0001,0.0040941693977752346,0.004090489567059345,0.0023276867001915343,0.002328039160383313,0.004094088429064565,0.004090489567059345,0.0040941693977752346,0.004090489567059345,0.0040941693977752346,0.004090489567059345,0.004111006934491883,0.004107290395571503,412.3338612292392,412.3478272834998,0.8246677224584783,0.8246956545669994,486.6834551913545,486.9390297260528,40.94169397775235,40.90489567059345,2.3879159863622514,2.388224710687408,-0.008260276249090743,-0.008188715363221591,0.009634218981076482,0.00910147189241021,0.04394046097375483,0.04244807987259408,0.32055736938406165,0.5986750546986722,-0.008074239345900876,0.008074239345900876,0.0235075314547898,-7.480438605691064e-05,-0.0235075314547898,0.9738613007119891,0.12791669498124186,0.050888997846615415,0.023552052981862765
clipping-frontier-v2,0,0.5,3,3.0,c=3,0.47712125471966244,0.1,500,1000,500,80,0.0001,0.5,0.0001,0.0059942204865833255,0.005991392343758234,0.002276418799369476,0.0022781006551512474,0.00430259941802773,0.00429343581641967,0.005145381427388219,0.005137918141067279,0.0059942204865833255,0.005991392343758234,0.006020918957920994,0.006020643631700778,395.75224250788955,395.7237194712528,0.7915044850157792,0.7914474389425057,497.7190911451092,497.7183359258977,59.94220486583325,59.913923437582326,2.2223701707605934,2.2224722401978365,-0.0022446212857288664,-0.0024390396954715125,0.007770716776487425,0.007098835557217355,0.037387199492586544,0.03503373325620096,0.18218700311932673,0.43227636650658235,-0.0020585991459692336,0.0020585991459692336,0.004067654932714618,-6.304070882528058e-05,-0.004067654932714618,0.9958402577659992,0.0257539081947159,0.007198055320238365,0.004070577796361503
clipping-frontier-v2,0,0.5,4,5.0,c=5,0.6989700043360189,0.1,500,1000,500,80,0.0001,0.5,0.0001,0.009758951497922662,0.009838124109591943,0.002267531248481951,0.0022708200764724297,0.004285822841068386,0.004276373062516579,0.005125322907067914,0.0051157465475468195,0.007155975987457302,0.007132576847999259,0.008031042541380722,0.007881368166692819,390.3891734030932,390.6135199040329,0.7807783468061864,0.7812270398080658,499.6890153865997,499.4740745468835,97.58951497922662,98.38124109591942,2.010997134058676,2.0070877041438004,-0.0003564513008080861,-0.0007090570694021489,0.008322706384463361,0.0075678198620408536,0.03767460754340205,0.0356106842025428,0.05090662515945381,0.21215634606025158,-0.00015118182738845564,0.00015118182738845564,0.000187602086069262,-3.864589094561277e-05,-0.000187602086069262,0.999812145634098,0.0014944567644921448,0.00026132047971803694,0.0001876090404185119
clipping-frontier-v2,0,0.5,5,8.0,c=8,0.9030899869919435,0.1,500,1000,500,80,0.0001,0.5,0.0001,0.01137598117284002,0.011059165167347403,0.0022670584216149536,0.002270383407279184,0.004284931932978411,0.004275102616764347,0.005124253755957072,0.00511221807814384,0.0071544837806343685,0.00713155929967141,0.008229042311083332,0.007881368166692819,389.87188247297865,390.35732236143116,0.7797437649459573,0.7807146447228623,499.7937108217051,499.513354303779,113.75981172840021,110.59165167347402,1.9497309200095791,1.9562776661372832,-0.0001925578322533599,-0.0005665601712683427,0.00843322712544806,0.007591821346068893,0.03771605936301856,0.035766852814787954,0.0025799467279517636,0.021360385669466277,-4.506424522669938e-06,4.506424522669938e-06,4.799415606565567e-06,-2.3999477981040407e-06,-4.799415606565567e-06,0.9999952001274428,4.636191124860612e-05,5.195254836424984e-06,4.7996730682832225e-06
clipping-frontier-v2,0,0.5,6,13.0,c=13,1.1139433523068367,0.1,500,1000,500,80,0.0001,0.5,0.0001,0.011463105368559313,0.011059165167347403,0.0022670551234085057,0.002270383407279184,0.004284925770735107,0.004275102616764347,0.005124246460905467,0.00511221807814384,0.007154473715193822,0.00713155929967141,0.008230460850048953,0.007881368166692819,389.86673138480273,390.35732236143116,0.7797334627696054,0.7807146447228623,499.7944395680438,499.513354303779,114.63105368559313,110.59165167347402,1.9475157000054917,1.9562776661372832,-0.00019122475323505737,-0.0005665601712683427,0.008434489924244953,0.007591821346068893,0.037717351832083086,0.035766852814787954,2.455595492758664e-05,0.00020097993186880516,-4.3442182859725774e-08,4.3442182859725774e-08,4.626663320204136e-08,-2.3135630133896967e-08,-4.626663320204136e-08,0.9999999537287418,5.307016810777319e-07,3.726387868224287e-08,4.627123541940586e-08
clipping-frontier-v2,0,0.5,7,21.0,c=21,1.3222192947339193,0.1,500,1000,500,80,0.0001,0.5,0.0001,0.011463105368559313,0.011059165167347403,0.0022670551234085057,0.002270383407279184,0.004284925770735107,0.004275102616764347,0.005124246460905467,0.00511221807814384,0.007154473715193822,0.00713155929967141,0.008230460850048953,0.007881368166692819,389.86673138480273,390.35732236143116,0.7797334627696054,0.7807146447228623,499.7944395680438,499.513354303779,114.63105368559313,110.59165167347402,1.9475157000054917,1.9562776661372832,-0.00019122475323505737,-0.0005665601712683427,0.008434489924244953,0.007591821346068893,0.037717351832083086,0.035766852814787954,1.0480520563802258e-07,8.576921942332065e-07,-1.8543445903704383e-10,1.8543445903704383e-10,1.9749073107118778e-10,-9.875522621882737e-11,-1.9749073107118778e-10,0.9999999998024895,2.625046418235375e-09,1.1559694911500752e-10,1.9751046912996978e-10
clipping-frontier-v2,0,0.5,8,34.0,c=34,1.5314789170422551,0.1,500,1000,500,80,0.0001,0.5,0.0001,0.011463105368559313,0.011059165167347403,0.0022670551234085057,0.002270383407279184,0.004284925770735107,0.004275102616764347,0.005124246460905467,0.00511221807814384,0.007154473715193822,0.00713155929967141,0.008230460850048953,0.007881368166692819,389.86673138480273,390.35732236143116,0.7797334627696054,0.7807146447228623,499.7944395680438,499.513354303779,114.63105368559313,110.59165167347402,1.9475157000054917,1.9562776661372832,-0.00019122475323505737,-0.0005665601712683427,0.008434489924244953,0.007591821346068893,0.037717351832083086,0.035766852814787954,1.7989367922212472e-10,1.472260057319398e-09,-3.1829331312012257e-13,3.1829331312012257e-13,3.3900040706438123e-13,-1.6947554470903015e-13,-3.3900040706438123e-13,0.9999999999996609,5.133065859828764e-12,1.410027311072529e-13,3.3901726481714503e-13
clipping-frontier-v2,0,0.5,9,55.0,c=55,1.7403626894942439,0.1,500,1000,500,80,0.0001,0.5,0.0001,0.011463105368559313,0.011059165167347403,0.0022670551234085057,0.002270383407279184,0.004284925770735107,0.004275102616764347,0.005124246460905467,0.00511221807814384,0.007154473715193822,0.00713155929967141,0.008230460850048953,0.007881368166692819,389.86673138480273,390.35732236143116,0.7797334627696054,0.7807146447228623,499.7944395680438,499.513354303779,114.63105368559313,110.59165167347402,1.9475157000054917,1.9562776661372832,-0.00019122475323505737,-0.0005665601712683427,0.008434489924244953,0.007591821346068893,0.037717351832083086,0.035766852814787954,1.3304464433244268e-13,1.1571929598654862e-12,-2.4483267111819267e-16,2.4483267111819267e-16,3.122502256758253e-16,-1.1102230246251565e-16,-3.122502256758253e-16,0.9999999999999998,4.09302078485097e-15,7.004298428095783e-17,0.0
clipping-frontier-v2,0,0.5,10,89.0,c=89,1.9493900066449128,0.1,500,1000,500,80,0.0001,0.5,0.0001,0.011463105368559313,0.011059165167347403,0.0022670551234085057,0.002270383407279184,0.004284925770735107,0.004275102616764347,0.005124246460905467,0.00511221807814384,0.007154473715193822,0.00713155929967141,0.008230460850048953,0.007881368166692819,389.86673138480273,390.35732236143116,0.7797334627696054,0.7807146447228623,499.7944395680438,499.513354303779,114.63105368559313,110.59165167347402,1.9475157000054917,1.9562776661372832,-0.00019122475323505737,-0.0005665601712683427,0.008434489924244953,0.007591821346068893,0.037717351832083086,0.035766852814787954,1.4680077564273372e-14,1.6239274536754318e-13,-7.1303233499867e-19,2.835781604112672e-17,1.1102230246251565e-16,1.1102230246251565e-16,-1.1102230246251565e-16,1.0,1.3044369944545796e-18,1.3880502811840123e-20,0.0
clipping-frontier-v2,0,0.5,11,inf,unclipped,2.299390006644913,0.1,500,1000,500,80,0.0001,0.5,0.0001,0.011463105368559313,0.011059165167347403,0.0022670551234085057,0.002270383407279184,0.004284925770735107,0.004275102616764347,0.005124246460905467,0.00511221807814384,0.007154473715193822,0.00713155929967141,0.008230460850048953,0.007881368166692819,389.86673138480273,390.35732236143116,0.7797334627696054,0.7807146447228623,499.7944395680438,499.513354303779,114.63105368559313,110.59165167347402,1.9475157000054917,1.9562776661372832,-0.00019122475323505737,-0.0005665601712683427,0.008434489924244953,0.007591821346068893,0.037717351832083086,0.035766852814787954,4.056202406189767e-16,1.6393566931405912e-15,-4.61683778230429e-18,1.4405489333953886e-17,1.3877787807814457e-16,1.1102230246251565e-16,-1.3877787807814457e-16,1.0,0.0,0.0,0.0
clipping-frontier-v2,1,1.5,0,1.0,c=1,0.0,0.1,500,1000,500,80,0.0001,0.5,0.0001,0.0043882945667540535,0.004392797170217254,0.0043882945667540535,0.004392797170217254,0.0043882945667540535,0.004392797170217254,0.0043882945667540535,0.004392797170217254,0.0043882945667540535,0.004392797170217254,0.004407658260844178,0.0044121789775445385,300.5646954605771,300.431075784761,0.6011293909211544,0.600862151569522,227.13272689187863,226.64538431047762,43.88294566754054,43.92797170217253,2.357945742994938,2.3572588490680646,-0.052158217473373965,-0.05226991263531446,0.052158633011600404,0.05226991263531446,0.35376448543900085,0.35388618658645865,1.83230644076053,2.7023996889386073,-0.052148597587154635,0.052148597587154635,0.3526056087930606,-9.980157320802933e-05,-0.3526056087930606,0.4532547047537364,0.7733726476231317,0.2266273523768682,0.36583833702166646
clipping-frontier-v2,1,1.5,1,1.5,c=1.5,0.17609125905568124,0.1,500,1000,500,80,0.0001,0.5,0.0001,0.005456722403134614,0.005465682814583579,0.005456722403134614,0.005465682814583579,0.005456722403134614,0.005465682814583579,0.005456722403134614,0.005465682814583579,0.005456722403134614,0.005465682814583579,0.005486709462360307,0.005495720680663882,261.4843724834353,261.19451030097804,0.5229687449668706,0.5223890206019561,273.8257669592694,272.9396356314835,54.567224031346136,54.65682814583578,2.2634116665196644,2.2623555749780317,-0.049971460511673234,-0.05006257702172211,0.04997255966541944,0.05006257702172211,0.3201519313264749,0.32047764720822847,1.7373915129165414,2.607484761094619,-0.04995198235552254,0.04995198235552254,0.3166014551536932,-9.975310332633451e-05,-0.3166014551536932,0.5464100164331543,0.6842760545735054,0.15379071400443978,0.3182980735411166
clipping-frontier-v2,1,1.5,2,2.0,c=2,0.3010299956639812,0.1,500,1000,500,80,0.0001,0.5,0.0001,0.00649162196328334,0.006491208393378356,0.00649162196328334,0.006491208393378356,0.00649162196328334,0.006491208393378356,0.00649162196328334,0.006491208393378356,0.00649162196328334,0.006491208393378356,0.006534124431136872,0.00653361947957841,234.7173718823429,234.43826867557257,0.46943474376468575,0.46887653735114515,306.70638032645616,306.1090463711198,64.91621963283339,64.91208393378355,2.188081011261101,2.1876744511072026,-0.047852454744272875,-0.047959508135542284,0.047854777689831866,0.047959508135542284,0.29049673324456415,0.2903396319472871,1.6618173385725417,2.531910586750619,-0.04782520865218567,0.04782520865218567,0.28174205598881846,-9.970617454777197e-05,-0.28174205598881846,0.6121857472041015,0.6132890759633777,0.11273741158373957,0.28221198997464847
clipping-frontier-v2,1,1.5,3,3.0,c=3,0.47712125471966244,0.1,500,1000,500,80,0.0001,0.5,0.0001,0.00850621352425511,0.008494734093665201,0.008395012973040973,0.008394977351764987,0.00850621352425511,0.008494734093665201,0.00850621352425511,0.008494734093665201,0.00850621352425511,0.008494734093665201,0.008579392330065112,0.008567512845608239,199.52441141895076,199.1771231908211,0.3990488228379016,0.3983542463816422,350.6459882601568,350.1600063429918,85.0621352425511,84.947340936652,2.070855306521178,2.0708502361544685,-0.04372558019599161,-0.04391976331868368,0.043732078467172086,0.04391976331868368,0.24370087719516398,0.2437920321137784,1.5441454838388222,2.4142387320168996,-0.04368117464269751,0.04368117464269751,0.22976310825062543,-9.961473348185988e-05,-0.22976310825062543,0.7003298192955656,0.507017753854318,0.06911585771662787,0.22995228038007937
clipping-frontier-v2,1,1.5,4,5.0,c=5,0.6989700043360189,0.1,500,1000,500,80,0.0001,0.5,0.0001,0.012410887902090391,0.012375027648883,0.007685546721920034,0.0076597927265209635,0.012410887902090391,0.012375027648883,0.012410887902090391,0.012375027648883,0.012410887902090391,0.012375027648883,0.012567446202521221,0.012530087836626309,160.71810749667412,160.51943180389458,0.3214362149933482,0.32103886360778916,399.3708202851086,399.03951243663596,124.1088790209039,123.75027648883,1.9070022791000893,1.907453828049482,-0.03650061793847634,-0.036856199957286395,0.03652363898869817,0.036856199957286395,0.18668868751624837,0.18705161509328347,1.3796190248926377,2.248769507584869,-0.03637857332144917,0.03637857332144917,0.1659606572897446,-9.943606312626859e-05,-0.1659606572897446,0.7974108557116099,0.3733632947341116,0.0341548300891443,0.16606609637460276
clipping-frontier-v2,1,1.5,5,8.0,c=8,0.9030899869919435,0.1,500,1000,500,80,0.0001,0.5,0.0001,0.01815972757366892,0.018095340455666405,0.00707371934558428,0.00703496089287244,0.01815972757366892,0.018095340455666405,0.01815972757366892,0.018095340455666405,0.01815972757366892,0.018095340455666405,0.018497336028683642,0.018428816168565877,132.0316864796478,131.67410883655646,0.26406337295929566,0.2633482176731129,434.73619382347727,434.1027754809012,181.59727573668917,180.95340455666405,1.7419712138718166,1.7424332479039084,-0.028921783188656947,-0.029297426681649148,0.02909180463286551,0.029344568241824583,0.14475291388087946,0.14360171041661046,1.2168677623436834,2.081651898417293,-0.02864875048076785,0.02864875048076785,0.11407282522108142,-9.917139394686554e-05,-0.11407282522108142,0.8683294230804341,0.2622922898018507,0.016327714110285604,0.1140883353036043
clipping-frontier-v2,1,1.5,6,13.0,c=13,1.1139433523068367,0.1,500,1000,500,80,0.0001,0.5,0.0001,0.027586049224505978,0.027479344830052578,0.006679570610375049,0.006643283635561765,0.027586049224505978,0.027479344830052578,0.027586049224505978,0.027479344830052578,0.027586049224505978,0.027479344830052578,0.02830473801383421,0.028243468575813384,109.24392950597435,108.21104669580535,0.21848785901194867,0.21642209339161073,461.3693196584965,460.08262913415473,275.8604922450598,274.79344830052577,1.5607403795715158,1.560993637732432,-0.02126951682636328,-0.021474112868708043,0.022861027208133353,0.022218292112959132,0.11520523060067549,0.11052393345044317,1.0427058689068496,1.8967419812051236,-0.020767890247624092,0.020767890247624092,0.0710969775555399,-9.873159478543564e-05,-0.0710969775555399,0.9217814525701515,0.1685361035433351,0.006947504316422045,0.07111657496151141
clipping-frontier-v2,1,1.5,7,21.0,c=21,1.3222192947339193,0.1,500,1000,500,80,0.0001,0.5,0.0001,0.04233574524629304,0.042257034058888615,0.006446036377356582,0.0064136325057067975,0.04103800478628101,0.04097634596508294,0.04233574524629304,0.042257034058888615,0.04233574524629304,0.042257034058888615,0.042123177253800936,0.04247481678447651,92.88068535448963,90.7111652686687,0.18576137070897925,0.1814223305373374,479.08295132947245,475.9586852594587,423.35745246293044,422.5703405888861,1.3750524720857593,1.3741009894393152,-0.014684963467117488,-0.015586696626134697,0.020276662671389913,0.018649668254897257,0.10359336326489577,0.0992279290763667,0.8701356308933299,1.7046611746655482,-0.01394549280826889,0.01394549280826889,0.040660721990907,-9.802603783019037e-05,-0.040660721990907,0.9568042620543389,0.10032856476205432,0.0027206108007806276,0.040731018643395164
clipping-frontier-v2,1,1.5,8,34.0,c=34,1.5314789170422551,0.1,500,1000,500,80,0.0001,0.5,0.0001,0.06547496997594618,0.06547281381432782,0.006312437924736469,0.006281083200054453,0.04141727981245291,0.041069560012482215,0.06446784985474252,0.06475472432260931,0.06547496997594618,0.06547281381432782,0.05573880196002492,0.05786378697294104,82.50382134780541,79.60137295193363,0.16500764269561083,0.15920274590386727,490.2140446317113,485.29953320518507,654.7496997594617,654.7281381432781,1.185966125372248,1.183939004621588,-0.009597389285786772,-0.01091298953677821,0.0211264702362108,0.019100850054203096,0.10529605684154103,0.09758145173523873,0.7016578826340838,1.5049613322539348,-0.00856999696395289,0.00856999696395289,0.021175871298480153,-9.687364228758364e-05,-0.021175871298480153,0.9780991491127669,0.05469875766245786,0.0009646443169183738,0.02118456096964669
clipping-frontier-v2,1,1.5,9,55.0,c=55,1.7403626894942439,0.1,500,1000,500,80,0.0001,0.5,0.0001,0.10075602164801646,0.10054482480738394,0.006243959852970793,0.006226368135822533,0.04098114337834034,0.040826467481913375,0.06851102825207159,0.06832678583297395,0.10075602164801646,0.10054482480738394,0.06509018291654256,0.0596402180395459,77.45788900182114,76.57601954781302,0.15491577800364228,0.15315203909562602,496.4510240914393,492.01983989897144,1007.5602164801645,1005.4482480738393,0.9989171283337646,0.9976403334296254,-0.006201658864378266,-0.00973156566161518,0.02338768550420099,0.021783659994084232,0.11105808801872494,0.10437801892656454,0.5434056347110502,1.3012385074536825,-0.0048062282076283425,0.0048062282076283425,0.010032711006854232,-9.500240000450685e-05,-0.010032711006854232,0.9897917480401242,0.027330858984853518,0.0003113201277268668,0.010033865053923681
clipping-frontier-v2,1,1.5,10,89.0,c=89,1.9493900066449128,0.1,500,1000,500,80,0.0001,0.5,0.0001,0.1527531219088722,0.15253931499162626,0.006213953102885275,0.006206944938749098,0.040790034132027496,0.040658990329657835,0.06820415610049255,0.06807702377000427,0.1487463495725704,0.14989341195189712,0.06962589508440793,0.0596402180395459,75.80345313773971,76.57601954781302,0.15160690627547943,0.15315203909562602,499.42530654811463,494.4561492480574,1527.5312190887219,1525.3931499162622,0.818130950068639,0.8166182114840089,-0.004376697321574792,-0.00973156566161518,0.025009171532915736,0.022810166860221796,0.11515076160328593,0.11052393345044317,0.39936634116087616,1.0947711357951238,-0.002444832721746689,0.002444832721746689,0.004319783193158917,-9.196050324583694e-05,-0.004319783193158917,0.9956432969185711,0.012466983101705239,9.112674180085744e-05,0.004321419393656028
clipping-frontier-v2,1,1.5,11,inf,unclipped,2.299390006644913,0.1,500,1000,500,80,0.0001,0.5,0.0001,0.44567901351739125,0.43168735913933176,0.006203524982790657,0.006205837447012353,0.040724647824193855,0.040624392842426894,0.06809935149706274,0.06802442022318678,0.16547317910040818,0.16612095893101805,0.07117289810587796,0.0596402180395459,75.53880540499777,76.57601954781302,0.15107761080999557,0.15315203909562602,500.6375038458128,494.8639295764284,4456.790135173912,4316.873591393318,0.3665943905142542,0.3648307323211881,-0.003596899510553448,-0.00973156566161518,0.025782221951217293,0.022810166860221796,0.11662193286642229,0.11052393345044317,4.899988939423892e-16,1.6393566931405912e-15,-7.156581371351584e-18,1.6300132630372304e-17,1.3877787807814457e-16,1.1102230246251565e-16,-1.3877787807814457e-16,1.0,0.0,0.0,0.0
clipping-frontier-v2,2,3.0,0,1.0,c=1,0.0,0.1,500,1000,500,80,0.0001,0.5,0.0001,0.014777478422591995,0.014682910664021182,0.014777478422591995,0.014682910664021182,0.014777478422591995,0.014682910664021182,0.014777478422591995,0.014682910664021182,0.014777478422591995,0.014682910664021182,0.015000837679304947,0.014901711158028245,95.29438840138701,95.14796899769766,0.19058877680277403,0.1902959379953953,67.18069943156122,67.10638737648709,147.77478422591992,146.82910664021182,1.8320271663541066,1.833187843926341,-0.060752066715217976,-0.06114113683763407,0.060752066715217976,0.06114113683763407,0.49100169664572596,0.5,4.395939335800171,6.1645384830421035,-0.06074830888805989,0.06074830888805989,0.4898970619484748,-9.999993153611858e-05,-0.4898970619484748,0.13361440253771611,0.9331927987311419,0.06680720126885806,0.6844420122379268
clipping-frontier-v2,2,3.0,1,1.5,c=1.5,0.17609125905568124,0.1,500,1000,500,80,0.0001,0.5,0.0001,0.0181861283793515,0.018140290862904942,0.0181861283793515,0.018140290862904942,0.0181861283793515,0.018140290862904942,0.0181861283793515,0.018140290862904942,0.0181861283793515,0.018140290862904942,0.01852622076879645,0.01847544080834146,80.19486408364095,80.18487469624412,0.16038972816728186,0.16036974939248827,81.7480139222504,81.18887982383029,181.86128379351507,181.40290862904942,1.7422673235292687,1.7413558016431832,-0.06066094935289244,-0.06114113683763407,0.06066099155507748,0.06114113683763407,0.4889217356178224,0.5,4.305284394921301,6.073883542163235,-0.06065712350933604,0.06065712350933604,0.48755191254286256,-9.999991564390684e-05,-0.48755191254286256,0.16266330505929577,0.9138491084143325,0.05100827564908549,0.6606848271882283
clipping-frontier-v2,2,3.0,2,2.0,c=2,0.3010299956639812,0.1,500,1000,500,80,0.0001,0.5,0.0001,0.02122457708570011,0.02121502436555718,0.02122457708570011,0.02121502436555718,0.02122457708570011,0.02121502436555718,0.02122457708570011,0.02121502436555718,0.02122457708570011,0.02121502436555718,0.02168993018029094,0.021674857020314714,70.58986301242581,70.67932972656163,0.14117972602485163,0.1413586594531233,93.23550874249692,92.27281884439884,212.24577085700108,212.15024365557178,1.6754619789948773,1.6733564812628525,-0.06057961001769692,-0.06114113683763407,0.060579949859109604,0.06114113683763407,0.48708003806721384,0.5,4.237803173613213,6.006402320855146,-0.060575759310070657,0.060575759310070657,0.48545934895190346,-9.99999014633759e-05,-0.48545934895190346,0.18567229585043993,0.8977707187923674,0.04172150732140367,0.6425472765117934
clipping-frontier-v2,2,3.0,3,3.0,c=3,0.47712125471966244,0.1,500,1000,500,80,0.0001,0.5,0.0001,0.02664785048265251,0.026486474139450426,0.02664785048265251,0.026486474139450426,0.02664785048265251,0.026486474139450426,0.02664785048265251,0.026486474139450426,0.02664785048265251,0.026486474139450426,0.027387436844960433,0.027207094168374496,58.5149303866656,58.4796527651542,0.11702986077333119,0.1169593055303084,111.05083821005343,110.26536394516019,266.4785048265251,264.8647413945043,1.5771552169674554,1.5769758604557838,-0.06043617219147086,-0.06114113683763407,0.06043752704119247,0.06114113683763407,0.48383009939354227,0.5,4.13825874779473,5.906857895036662,-0.0604301149530291,0.0604301149530291,0.48171359736182445,-9.99998760798002e-05,-0.48171359736182445,0.2214593091391278,0.8715599151816342,0.031006408106920683,0.6151703162525863
clipping-frontier-v2,2,3.0,4,5.0,c=5,0.6989700043360189,0.1,500,1000,500,80,0.0001,0.5,0.0001,0.036054494695934955,0.035748329505745344,0.036054494695934955,0.035748329505745344,0.036054494695934955,0.035748329505745344,0.036054494695934955,0.035748329505745344,0.036054494695934955,0.035748329505745344,0.037427564769193636,0.03707365384496736,45.69919310114154,45.6597071246523,0.09139838620228306,0.0913194142493046,136.01050807449104,134.8669955266914,360.54494695934955,357.48329505745346,1.4466664487496776,1.4467447446294515,-0.06019177358693677,-0.06114113683763407,0.06019577523480897,0.06114113683763407,0.4784109365479277,0.5,4.005523291863201,5.774122439105134,-0.06017593436888724,0.06017593436888724,0.4751764589065053,-9.999983178002625e-05,-0.4751764589065053,0.27189876467379764,0.8323568583622685,0.020851124607213233,0.5777131864339924
clipping-frontier-v2,2,3.0,5,8.0,c=8,0.9030899869919435,0.1,500,1000,500,80,0.0001,0.5,0.0001,0.04833901771225479,0.04756226340817944,0.04833901771225479,0.04756226340817944,0.04833901771225479,0.04756226340817944,0.04833901771225479,0.04756226340817944,0.04833901771225479,0.04756226340817944,0.0508539643792759,0.04993739954282635,36.108990511909795,35.97753009871218,0.07221798102381959,0.07195506019742437,161.08712121377712,160.20059975222483,483.39017712254775,475.62263408179444,1.3203797469075467,1.3227375196259672,-0.05987029863118273,-0.06114113683763407,0.05987919490282068,0.06114113683763407,0.47177121131918637,0.5,3.87628295843719,5.644882105679122,-0.059841390035793876,0.059841390035793876,0.46657248692234593,-9.999977347408448e-05,-0.46657248692234593,0.3230627485793996,0.7901243580800197,0.014148388332427401,0.5404842334171074
clipping-frontier-v2,2,3.0,6,13.0,c=13,1.1139433523068367,0.1,500,1000,500,80,0.0001,0.5,0.0001,0.06632662933928253,0.06471476379647567,0.06632662933928253,0.06471476379647567,0.06632662933928253,0.06471476379647567,0.06632662933928253,0.06471476379647567,0.06632662933928253,0.06471476379647567,0.07085564257304154,0.06916934705324285,28.157060017850828,27.85432721482427,0.056314120035701645,0.055708654429648535,188.45059160690246,187.8815181786812,663.2662933928253,647.1476379647565,1.184324997238727,1.1889966296267036,-0.059395721648367386,-0.06114113683763407,0.05941468411008528,0.06114113683763407,0.46436670577559475,0.5,3.7357676221509393,5.504366769392872,-0.05934485659222753,0.05934485659222753,0.4538024011219371,-9.99996869359274e-05,-0.4538024011219371,0.3798611797446525,0.740541876841763,0.00926177358357042,0.49954034748717546
clipping-frontier-v2,2,3.0,7,21.0,c=21,1.3222192947339193,0.1,500,1000,500,80,0.0001,0.5,0.0001,0.09135061631918853,0.08899577867633014,0.09135061631918853,0.08899577867633014,0.09135061631918853,0.08899577867633014,0.09135061631918853,0.08899577867633014,0.09135061631918853,0.08899577867633014,0.09853403302808685,0.09673596124763614,21.999453253247964,21.41858320862483,0.043998906506495926,0.04283716641724966,217.12144610269036,214.96626102213196,913.5061631918852,889.9577867633013,1.0470615972544135,1.0506306044911842,-0.05873600057969017,-0.06114113683763407,0.05877822150195041,0.06114113683763407,0.45590088519868516,0.5,3.590155320065688,5.35875446730762,-0.05862932908899926,0.05862932908899926,0.4354001208180193,-9.999956223046745e-05,-0.4354001208180193,0.4388221622578394,0.6862182849972643,0.005954307012147796,0.4570482180393309
clipping-frontier-v2,2,3.0,8,34.0,c=34,1.5314789170422551,0.1,500,1000,500,80,0.0001,0.5,0.0001,0.12664111691200697,0.1233359794681646,0.12664111691200697,0.1233359794681646,0.12664111691200697,0.1233359794681646,0.12664111691200697,0.1233359794681646,0.12664111691200697,0.1233359794681646,0.13477410816834304,0.13269950032630806,17.440708825660394,16.574998442871944,0.03488141765132079,0.033149996885743896,246.76827686524834,241.66977002387273,1266.4111691200696,1233.359794681646,0.9073300783536361,0.9089102198981726,-0.05780025549031039,-0.06114113683763407,0.05791752785108132,0.06114113683763407,0.4476199922491878,0.5,3.43725577764249,5.205854924884422,-0.05756934666294813,0.05756934666294813,0.40813898321895625,-9.999937749180207e-05,-0.40813898321895625,0.49963014436058684,0.6272378350123904,0.0037314111580287407,0.412885925340763
clipping-frontier-v2,2,3.0,9,55.0,c=55,1.7403626894942439,0.1,500,1000,500,80,0.0001,0.5,0.0001,0.17561475735667198,0.1707011332950358,0.17561475735667198,0.1707011332950358,0.17561475735667198,0.1707011332950358,0.17561475735667198,0.1707011332950358,0.17561475735667198,0.1707011332950358,0.17583472274317016,0.17239163223461776,14.376747147677829,12.907542892124543,0.028753494295355658,0.025815085784249084,275.66850801663327,267.2005918426503,1756.14757356672,1707.0113329503579,0.7674524135050419,0.7677636199518021,-0.05649496056914437,-0.06114113683763407,0.056842732815479635,0.06114113683763407,0.4404218740410852,0.5,3.278292999118155,5.046892146360087,-0.055990644839294966,0.055990644839294966,0.3675371707881301,-9.99991023483084e-05,-0.3675371707881301,0.5604922692758108,0.5652219155345878,0.0022857124510981546,0.36804657039810335
clipping-frontier-v2,2,3.0,10,89.0,c=89,1.9493900066449128,0.1,500,1000,500,80,0.0001,0.5,0.0001,0.24148527258294336,0.23278371771528275,0.23452947820682185,0.22629887710137106,0.24148527258294336,0.23278371771528275,0.24148527258294336,0.23278371771528275,0.24148527258294336,0.23278371771528275,0.21731891753267302,0.21557718620478206,12.524521129480199,10.366751796484074,0.0250490422589604,0.020733503592968147,303.05172793292917,293.33108727833803,2414.8527258294334,2327.8371771528273,0.6306409593244979,0.6330485026676198,-0.05472207803094548,-0.06114113683763407,0.05572104129471802,0.06114113683763407,0.43493233409625337,0.5,3.113180457429827,4.88177960467176,-0.05360825320587882,0.05360825320587882,0.3227937878792834,-9.99986871340181e-05,-0.3227937878792834,0.6201323712140714,0.5015111405772554,0.0013667810313632229,0.3232391670837934
clipping-frontier-v2,2,3.0,11,inf,unclipped,2.299390006644913,0.1,500,1000,500,80,0.0001,0.5,0.0001,0.9994216231183226,0.999749726117916,0.21802373251372223,0.2212768030126357,0.902977712027055,0.9278299497320819,0.9625871153777348,0.97481511768241,0.994009258981214,0.9964508958833604,0.31564052024234185,0.24953433191019003,10.737457813577926,8.999038905525982,0.021474915627155852,0.017998077811051963,580.5911755900305,320.3864481244092,9994.216231183225,9997.49726117916,0.0002520861501602024,0.00010870616992669075,-0.04631037654429081,-0.06114113683763407,0.06004578526965669,0.06114113683763407,0.4673249344018708,0.5,5.231476506051585e-16,1.6393566931405912e-15,-9.118987303550346e-18,2.2317454687666854e-17,1.942890293094024e-16,1.3877787807814457e-16,-1.942890293094024e-16,1.0,0.0,0.0,0.0
