export_version,figure,panel,panel_title,plot_order,point_index,group,metric,rho,clip_cap,clip_cap_label,x,y,value,count,style_key,label
tikz-v2,weight_clipping_frontier,A,resolution,1,0,resolution,max_test_self_atom,0.5,1.0,c=1,0.0,0.0024865183015486,0.0024865183015486,500,atom,mean max shifted-null self-atom
tikz-v2,weight_clipping_frontier,A,resolution,1,1,resolution,max_test_self_atom,0.5,1.5,c=1.5,0.1760912590556812,0.0032200131893328,0.0032200131893328,500,atom,mean max shifted-null self-atom
tikz-v2,weight_clipping_frontier,A,resolution,1,2,resolution,max_test_self_atom,0.5,2.0,c=2,0.3010299956639812,0.0040941693977752,0.0040941693977752,500,atom,mean max shifted-null self-atom
tikz-v2,weight_clipping_frontier,A,resolution,1,3,resolution,max_test_self_atom,0.5,3.0,c=3,0.4771212547196624,0.0059942204865833,0.0059942204865833,500,atom,mean max shifted-null self-atom
tikz-v2,weight_clipping_frontier,A,resolution,1,4,resolution,max_test_self_atom,0.5,5.0,c=5,0.6989700043360189,0.0097589514979226,0.0097589514979226,500,atom,mean max shifted-null self-atom
tikz-v2,weight_clipping_frontier,A,resolution,1,5,resolution,max_test_self_atom,0.5,8.0,c=8,0.9030899869919436,0.01137598117284,0.01137598117284,500,atom,mean max shifted-null self-atom
tikz-v2,weight_clipping_frontier,A,resolution,1,6,resolution,max_test_self_atom,0.5,13.0,c=13,1.1139433523068367,0.0114631053685593,0.0114631053685593,500,atom,mean max shifted-null self-atom
tikz-v2,weight_clipping_frontier,A,resolution,1,7,resolution,max_test_self_atom,0.5,21.0,c=21,1.3222192947339193,0.0114631053685593,0.0114631053685593,500,atom,mean max shifted-null self-atom
tikz-v2,weight_clipping_frontier,A,resolution,1,8,resolution,max_test_self_atom,0.5,34.0,c=34,1.5314789170422551,0.0114631053685593,0.0114631053685593,500,atom,mean max shifted-null self-atom
tikz-v2,weight_clipping_frontier,A,resolution,1,9,resolution,max_test_self_atom,0.5,55.0,c=55,1.740362689494244,0.0114631053685593,0.0114631053685593,500,atom,mean max shifted-null self-atom
tikz-v2,weight_clipping_frontier,A,resolution,1,10,resolution,max_test_self_atom,0.5,89.0,c=89,1.9493900066449128,0.0114631053685593,0.0114631053685593,500,atom,mean max shifted-null self-atom
tikz-v2,weight_clipping_frontier,A,resolution,1,11,resolution,max_test_self_atom,0.5,inf,unclipped,2.299390006644913,0.0114631053685593,0.0114631053685593,500,atom,mean max shifted-null self-atom
tikz-v2,weight_clipping_frontier,A,resolution,1,12,resolution,max_test_self_atom,1.5,1.0,c=1,0.0,0.004388294566754,0.004388294566754,500,atom,mean max shifted-null self-atom
tikz-v2,weight_clipping_frontier,A,resolution,1,13,resolution,max_test_self_atom,1.5,1.5,c=1.5,0.1760912590556812,0.0054567224031346,0.0054567224031346,500,atom,mean max shifted-null self-atom
tikz-v2,weight_clipping_frontier,A,resolution,1,14,resolution,max_test_self_atom,1.5,2.0,c=2,0.3010299956639812,0.0064916219632833,0.0064916219632833,500,atom,mean max shifted-null self-atom
tikz-v2,weight_clipping_frontier,A,resolution,1,15,resolution,max_test_self_atom,1.5,3.0,c=3,0.4771212547196624,0.0085062135242551,0.0085062135242551,500,atom,mean max shifted-null self-atom
tikz-v2,weight_clipping_frontier,A,resolution,1,16,resolution,max_test_self_atom,1.5,5.0,c=5,0.6989700043360189,0.0124108879020903,0.0124108879020903,500,atom,mean max shifted-null self-atom
tikz-v2,weight_clipping_frontier,A,resolution,1,17,resolution,max_test_self_atom,1.5,8.0,c=8,0.9030899869919436,0.0181597275736689,0.0181597275736689,500,atom,mean max shifted-null self-atom
tikz-v2,weight_clipping_frontier,A,resolution,1,18,resolution,max_test_self_atom,1.5,13.0,c=13,1.1139433523068367,0.0275860492245059,0.0275860492245059,500,atom,mean max shifted-null self-atom
tikz-v2,weight_clipping_frontier,A,resolution,1,19,resolution,max_test_self_atom,1.5,21.0,c=21,1.3222192947339193,0.042335745246293,0.042335745246293,500,atom,mean max shifted-null self-atom
tikz-v2,weight_clipping_frontier,A,resolution,1,20,resolution,max_test_self_atom,1.5,34.0,c=34,1.5314789170422551,0.0654749699759461,0.0654749699759461,500,atom,mean max shifted-null self-atom
tikz-v2,weight_clipping_frontier,A,resolution,1,21,resolution,max_test_self_atom,1.5,55.0,c=55,1.740362689494244,0.1007560216480164,0.1007560216480164,500,atom,mean max shifted-null self-atom
tikz-v2,weight_clipping_frontier,A,resolution,1,22,resolution,max_test_self_atom,1.5,89.0,c=89,1.9493900066449128,0.1527531219088722,0.1527531219088722,500,atom,mean max shifted-null self-atom
tikz-v2,weight_clipping_frontier,A,resolution,1,23,resolution,max_test_self_atom,1.5,inf,unclipped,2.299390006644913,0.4456790135173912,0.4456790135173912,500,atom,mean max shifted-null self-atom
tikz-v2,weight_clipping_frontier,A,resolution,1,24,resolution,max_test_self_atom,3.0,1.0,c=1,0.0,0.0147774784225919,0.0147774784225919,500,atom,mean max shifted-null self-atom
tikz-v2,weight_clipping_frontier,A,resolution,1,25,resolution,max_test_self_atom,3.0,1.5,c=1.5,0.1760912590556812,0.0181861283793515,0.0181861283793515,500,atom,mean max shifted-null self-atom
tikz-v2,weight_clipping_frontier,A,resolution,1,26,resolution,max_test_self_atom,3.0,2.0,c=2,0.3010299956639812,0.0212245770857001,0.0212245770857001,500,atom,mean max shifted-null self-atom
tikz-v2,weight_clipping_frontier,A,resolution,1,27,resolution,max_test_self_atom,3.0,3.0,c=3,0.4771212547196624,0.0266478504826525,0.0266478504826525,500,atom,mean max shifted-null self-atom
tikz-v2,weight_clipping_frontier,A,resolution,1,28,resolution,max_test_self_atom,3.0,5.0,c=5,0.6989700043360189,0.0360544946959349,0.0360544946959349,500,atom,mean max shifted-null self-atom
tikz-v2,weight_clipping_frontier,A,resolution,1,29,resolution,max_test_self_atom,3.0,8.0,c=8,0.9030899869919436,0.0483390177122547,0.0483390177122547,500,atom,mean max shifted-null self-atom
tikz-v2,weight_clipping_frontier,A,resolution,1,30,resolution,max_test_self_atom,3.0,13.0,c=13,1.1139433523068367,0.0663266293392825,0.0663266293392825,500,atom,mean max shifted-null self-atom
tikz-v2,weight_clipping_frontier,A,resolution,1,31,resolution,max_test_self_atom,3.0,21.0,c=21,1.3222192947339193,0.0913506163191885,0.0913506163191885,500,atom,mean max shifted-null self-atom
tikz-v2,weight_clipping_frontier,A,resolution,1,32,resolution,max_test_self_atom,3.0,34.0,c=34,1.5314789170422551,0.1266411169120069,0.1266411169120069,500,atom,mean max shifted-null self-atom
tikz-v2,weight_clipping_frontier,A,resolution,1,33,resolution,max_test_self_atom,3.0,55.0,c=55,1.740362689494244,0.1756147573566719,0.1756147573566719,500,atom,mean max shifted-null self-atom
tikz-v2,weight_clipping_frontier,A,resolution,1,34,resolution,max_test_self_atom,3.0,89.0,c=89,1.9493900066449128,0.2414852725829433,0.2414852725829433,500,atom,mean max shifted-null self-atom
tikz-v2,weight_clipping_frontier,A,resolution,1,35,resolution,max_test_self_atom,3.0,inf,unclipped,2.299390006644913,0.9994216231183226,0.9994216231183226,500,atom,mean max shifted-null self-atom
tikz-v2,weight_clipping_frontier,A,resolution,2,0,resolution,calib_ess_fraction,0.5,1.0,c=1,0.0,0.9304577727378788,0.9304577727378788,500,ess,mean calibration ESS / n
tikz-v2,weight_clipping_frontier,A,resolution,2,1,resolution,calib_ess_fraction,0.5,1.5,c=1.5,0.1760912590556812,0.8651373248665012,0.8651373248665012,500,ess,mean calibration ESS / n
tikz-v2,weight_clipping_frontier,A,resolution,2,2,resolution,calib_ess_fraction,0.5,2.0,c=2,0.3010299956639812,0.8246677224584783,0.8246677224584783,500,ess,mean calibration ESS / n
tikz-v2,weight_clipping_frontier,A,resolution,2,3,resolution,calib_ess_fraction,0.5,3.0,c=3,0.4771212547196624,0.7915044850157792,0.7915044850157792,500,ess,mean calibration ESS / n
tikz-v2,weight_clipping_frontier,A,resolution,2,4,resolution,calib_ess_fraction,0.5,5.0,c=5,0.6989700043360189,0.7807783468061864,0.7807783468061864,500,ess,mean calibration ESS / n
tikz-v2,weight_clipping_frontier,A,resolution,2,5,resolution,calib_ess_fraction,0.5,8.0,c=8,0.9030899869919436,0.7797437649459573,0.7797437649459573,500,ess,mean calibration ESS / n
tikz-v2,weight_clipping_frontier,A,resolution,2,6,resolution,calib_ess_fraction,0.5,13.0,c=13,1.1139433523068367,0.7797334627696054,0.7797334627696054,500,ess,mean calibration ESS / n
tikz-v2,weight_clipping_frontier,A,resolution,2,7,resolution,calib_ess_fraction,0.5,21.0,c=21,1.3222192947339193,0.7797334627696054,0.7797334627696054,500,ess,mean calibration ESS / n
tikz-v2,weight_clipping_frontier,A,resolution,2,8,resolution,calib_ess_fraction,0.5,34.0,c=34,1.5314789170422551,0.7797334627696054,0.7797334627696054,500,ess,mean calibration ESS / n
tikz-v2,weight_clipping_frontier,A,resolution,2,9,resolution,calib_ess_fraction,0.5,55.0,c=55,1.740362689494244,0.7797334627696054,0.7797334627696054,500,ess,mean calibration ESS / n
tikz-v2,weight_clipping_frontier,A,resolution,2,10,resolution,calib_ess_fraction,0.5,89.0,c=89,1.9493900066449128,0.7797334627696054,0.7797334627696054,500,ess,mean calibration ESS / n
tikz-v2,weight_clipping_frontier,A,resolution,2,11,resolution,calib_ess_fraction,0.5,inf,unclipped,2.299390006644913,0.7797334627696054,0.7797334627696054,500,ess,mean calibration ESS / n
tikz-v2,weight_clipping_frontier,A,resolution,2,12,resolution,calib_ess_fraction,1.5,1.0,c=1,0.0,0.6011293909211544,0.6011293909211544,500,ess,mean calibration ESS / n
tikz-v2,weight_clipping_frontier,A,resolution,2,13,resolution,calib_ess_fraction,1.5,1.5,c=1.5,0.1760912590556812,0.5229687449668706,0.5229687449668706,500,ess,mean calibration ESS / n
tikz-v2,weight_clipping_frontier,A,resolution,2,14,resolution,calib_ess_fraction,1.5,2.0,c=2,0.3010299956639812,0.4694347437646857,0.4694347437646857,500,ess,mean calibration ESS / n
tikz-v2,weight_clipping_frontier,A,resolution,2,15,resolution,calib_ess_fraction,1.5,3.0,c=3,0.4771212547196624,0.3990488228379016,0.3990488228379016,500,ess,mean calibration ESS / n
tikz-v2,weight_clipping_frontier,A,resolution,2,16,resolution,calib_ess_fraction,1.5,5.0,c=5,0.6989700043360189,0.3214362149933482,0.3214362149933482,500,ess,mean calibration ESS / n
tikz-v2,weight_clipping_frontier,A,resolution,2,17,resolution,calib_ess_fraction,1.5,8.0,c=8,0.9030899869919436,0.2640633729592956,0.2640633729592956,500,ess,mean calibration ESS / n
tikz-v2,weight_clipping_frontier,A,resolution,2,18,resolution,calib_ess_fraction,1.5,13.0,c=13,1.1139433523068367,0.2184878590119486,0.2184878590119486,500,ess,mean calibration ESS / n
tikz-v2,weight_clipping_frontier,A,resolution,2,19,resolution,calib_ess_fraction,1.5,21.0,c=21,1.3222192947339193,0.1857613707089792,0.1857613707089792,500,ess,mean calibration ESS / n
tikz-v2,weight_clipping_frontier,A,resolution,2,20,resolution,calib_ess_fraction,1.5,34.0,c=34,1.5314789170422551,0.1650076426956108,0.1650076426956108,500,ess,mean calibration ESS / n
tikz-v2,weight_clipping_frontier,A,resolution,2,21,resolution,calib_ess_fraction,1.5,55.0,c=55,1.740362689494244,0.1549157780036422,0.1549157780036422,500,ess,mean calibration ESS / n
tikz-v2,weight_clipping_frontier,A,resolution,2,22,resolution,calib_ess_fraction,1.5,89.0,c=89,1.9493900066449128,0.1516069062754794,0.1516069062754794,500,ess,mean calibration ESS / n
tikz-v2,weight_clipping_frontier,A,resolution,2,23,resolution,calib_ess_fraction,1.5,inf,unclipped,2.299390006644913,0.1510776108099955,0.1510776108099955,500,ess,mean calibration ESS / n
tikz-v2,weight_clipping_frontier,A,resolution,2,24,resolution,calib_ess_fraction,3.0,1.0,c=1,0.0,0.190588776802774,0.190588776802774,500,ess,mean calibration ESS / n
tikz-v2,weight_clipping_frontier,A,resolution,2,25,resolution,calib_ess_fraction,3.0,1.5,c=1.5,0.1760912590556812,0.1603897281672818,0.1603897281672818,500,ess,mean calibration ESS / n
tikz-v2,weight_clipping_frontier,A,resolution,2,26,resolution,calib_ess_fraction,3.0,2.0,c=2,0.3010299956639812,0.1411797260248516,0.1411797260248516,500,ess,mean calibration ESS / n
tikz-v2,weight_clipping_frontier,A,resolution,2,27,resolution,calib_ess_fraction,3.0,3.0,c=3,0.4771212547196624,0.1170298607733311,0.1170298607733311,500,ess,mean calibration ESS / n
tikz-v2,weight_clipping_frontier,A,resolution,2,28,resolution,calib_ess_fraction,3.0,5.0,c=5,0.6989700043360189,0.091398386202283,0.091398386202283,500,ess,mean calibration ESS / n
tikz-v2,weight_clipping_frontier,A,resolution,2,29,resolution,calib_ess_fraction,3.0,8.0,c=8,0.9030899869919436,0.0722179810238195,0.0722179810238195,500,ess,mean calibration ESS / n
tikz-v2,weight_clipping_frontier,A,resolution,2,30,resolution,calib_ess_fraction,3.0,13.0,c=13,1.1139433523068367,0.0563141200357016,0.0563141200357016,500,ess,mean calibration ESS / n
tikz-v2,weight_clipping_frontier,A,resolution,2,31,resolution,calib_ess_fraction,3.0,21.0,c=21,1.3222192947339193,0.0439989065064959,0.0439989065064959,500,ess,mean calibration ESS / n
tikz-v2,weight_clipping_frontier,A,resolution,2,32,resolution,calib_ess_fraction,3.0,34.0,c=34,1.5314789170422551,0.0348814176513207,0.0348814176513207,500,ess,mean calibration ESS / n
tikz-v2,weight_clipping_frontier,A,resolution,2,33,resolution,calib_ess_fraction,3.0,55.0,c=55,1.740362689494244,0.0287534942953556,0.0287534942953556,500,ess,mean calibration ESS / n
tikz-v2,weight_clipping_frontier,A,resolution,2,34,resolution,calib_ess_fraction,3.0,89.0,c=89,1.9493900066449128,0.0250490422589604,0.0250490422589604,500,ess,mean calibration ESS / n
tikz-v2,weight_clipping_frontier,A,resolution,2,35,resolution,calib_ess_fraction,3.0,inf,unclipped,2.299390006644913,0.0214749156271558,0.0214749156271558,500,ess,mean calibration ESS / n
tikz-v2,weight_clipping_frontier,B,adaptation,3,0,adaptation,oracle_tail_mismatch,0.5,1.0,c=1,0.0,0.5305388261598772,0.5305388261598772,500,mismatch,oracle shifted-null tail mismatch
tikz-v2,weight_clipping_frontier,B,adaptation,3,1,adaptation,oracle_tail_mismatch,0.5,1.5,c=1.5,0.1760912590556812,0.4189621845500099,0.4189621845500099,500,mismatch,oracle shifted-null tail mismatch
tikz-v2,weight_clipping_frontier,B,adaptation,3,2,adaptation,oracle_tail_mismatch,0.5,2.0,c=2,0.3010299956639812,0.3205573693840616,0.3205573693840616,500,mismatch,oracle shifted-null tail mismatch
tikz-v2,weight_clipping_frontier,B,adaptation,3,3,adaptation,oracle_tail_mismatch,0.5,3.0,c=3,0.4771212547196624,0.1821870031193267,0.1821870031193267,500,mismatch,oracle shifted-null tail mismatch
tikz-v2,weight_clipping_frontier,B,adaptation,3,4,adaptation,oracle_tail_mismatch,0.5,5.0,c=5,0.6989700043360189,0.0509066251594538,0.0509066251594538,500,mismatch,oracle shifted-null tail mismatch
tikz-v2,weight_clipping_frontier,B,adaptation,3,5,adaptation,oracle_tail_mismatch,0.5,8.0,c=8,0.9030899869919436,0.0025799467279517,0.0025799467279517,500,mismatch,oracle shifted-null tail mismatch
tikz-v2,weight_clipping_frontier,B,adaptation,3,6,adaptation,oracle_tail_mismatch,0.5,13.0,c=13,1.1139433523068367,2.455595492758664e-05,2.455595492758664e-05,500,mismatch,oracle shifted-null tail mismatch
tikz-v2,weight_clipping_frontier,B,adaptation,3,7,adaptation,oracle_tail_mismatch,0.5,21.0,c=21,1.3222192947339193,1.0480520563802258e-07,1.0480520563802258e-07,500,mismatch,oracle shifted-null tail mismatch
tikz-v2,weight_clipping_frontier,B,adaptation,3,8,adaptation,oracle_tail_mismatch,0.5,34.0,c=34,1.5314789170422551,1.7989367922212472e-10,1.7989367922212472e-10,500,mismatch,oracle shifted-null tail mismatch
tikz-v2,weight_clipping_frontier,B,adaptation,3,9,adaptation,oracle_tail_mismatch,0.5,55.0,c=55,1.740362689494244,1.330446443324427e-13,1.330446443324427e-13,500,mismatch,oracle shifted-null tail mismatch
tikz-v2,weight_clipping_frontier,B,adaptation,3,10,adaptation,oracle_tail_mismatch,0.5,89.0,c=89,1.9493900066449128,1.4680077564273372e-14,1.4680077564273372e-14,500,mismatch,oracle shifted-null tail mismatch
tikz-v2,weight_clipping_frontier,B,adaptation,3,11,adaptation,oracle_tail_mismatch,0.5,inf,unclipped,2.299390006644913,4.0562024061897673e-16,4.0562024061897673e-16,500,mismatch,oracle shifted-null tail mismatch
tikz-v2,weight_clipping_frontier,B,adaptation,3,12,adaptation,oracle_tail_mismatch,1.5,1.0,c=1,0.0,1.83230644076053,1.83230644076053,500,mismatch,oracle shifted-null tail mismatch
tikz-v2,weight_clipping_frontier,B,adaptation,3,13,adaptation,oracle_tail_mismatch,1.5,1.5,c=1.5,0.1760912590556812,1.7373915129165414,1.7373915129165414,500,mismatch,oracle shifted-null tail mismatch
tikz-v2,weight_clipping_frontier,B,adaptation,3,14,adaptation,oracle_tail_mismatch,1.5,2.0,c=2,0.3010299956639812,1.6618173385725417,1.6618173385725417,500,mismatch,oracle shifted-null tail mismatch
tikz-v2,weight_clipping_frontier,B,adaptation,3,15,adaptation,oracle_tail_mismatch,1.5,3.0,c=3,0.4771212547196624,1.5441454838388222,1.5441454838388222,500,mismatch,oracle shifted-null tail mismatch
tikz-v2,weight_clipping_frontier,B,adaptation,3,16,adaptation,oracle_tail_mismatch,1.5,5.0,c=5,0.6989700043360189,1.3796190248926377,1.3796190248926377,500,mismatch,oracle shifted-null tail mismatch
tikz-v2,weight_clipping_frontier,B,adaptation,3,17,adaptation,oracle_tail_mismatch,1.5,8.0,c=8,0.9030899869919436,1.2168677623436834,1.2168677623436834,500,mismatch,oracle shifted-null tail mismatch
tikz-v2,weight_clipping_frontier,B,adaptation,3,18,adaptation,oracle_tail_mismatch,1.5,13.0,c=13,1.1139433523068367,1.0427058689068496,1.0427058689068496,500,mismatch,oracle shifted-null tail mismatch
tikz-v2,weight_clipping_frontier,B,adaptation,3,19,adaptation,oracle_tail_mismatch,1.5,21.0,c=21,1.3222192947339193,0.8701356308933299,0.8701356308933299,500,mismatch,oracle shifted-null tail mismatch
tikz-v2,weight_clipping_frontier,B,adaptation,3,20,adaptation,oracle_tail_mismatch,1.5,34.0,c=34,1.5314789170422551,0.7016578826340838,0.7016578826340838,500,mismatch,oracle shifted-null tail mismatch
tikz-v2,weight_clipping_frontier,B,adaptation,3,21,adaptation,oracle_tail_mismatch,1.5,55.0,c=55,1.740362689494244,0.5434056347110502,0.5434056347110502,500,mismatch,oracle shifted-null tail mismatch
tikz-v2,weight_clipping_frontier,B,adaptation,3,22,adaptation,oracle_tail_mismatch,1.5,89.0,c=89,1.9493900066449128,0.3993663411608761,0.3993663411608761,500,mismatch,oracle shifted-null tail mismatch
tikz-v2,weight_clipping_frontier,B,adaptation,3,23,adaptation,oracle_tail_mismatch,1.5,inf,unclipped,2.299390006644913,4.899988939423892e-16,4.899988939423892e-16,500,mismatch,oracle shifted-null tail mismatch
tikz-v2,weight_clipping_frontier,B,adaptation,3,24,adaptation,oracle_tail_mismatch,3.0,1.0,c=1,0.0,4.395939335800171,4.395939335800171,500,mismatch,oracle shifted-null tail mismatch
tikz-v2,weight_clipping_frontier,B,adaptation,3,25,adaptation,oracle_tail_mismatch,3.0,1.5,c=1.5,0.1760912590556812,4.305284394921301,4.305284394921301,500,mismatch,oracle shifted-null tail mismatch
tikz-v2,weight_clipping_frontier,B,adaptation,3,26,adaptation,oracle_tail_mismatch,3.0,2.0,c=2,0.3010299956639812,4.237803173613213,4.237803173613213,500,mismatch,oracle shifted-null tail mismatch
tikz-v2,weight_clipping_frontier,B,adaptation,3,27,adaptation,oracle_tail_mismatch,3.0,3.0,c=3,0.4771212547196624,4.13825874779473,4.13825874779473,500,mismatch,oracle shifted-null tail mismatch
tikz-v2,weight_clipping_frontier,B,adaptation,3,28,adaptation,oracle_tail_mismatch,3.0,5.0,c=5,0.6989700043360189,4.005523291863201,4.005523291863201,500,mismatch,oracle shifted-null tail mismatch
tikz-v2,weight_clipping_frontier,B,adaptation,3,29,adaptation,oracle_tail_mismatch,3.0,8.0,c=8,0.9030899869919436,3.87628295843719,3.87628295843719,500,mismatch,oracle shifted-null tail mismatch
tikz-v2,weight_clipping_frontier,B,adaptation,3,30,adaptation,oracle_tail_mismatch,3.0,13.0,c=13,1.1139433523068367,3.7357676221509393,3.7357676221509393,500,mismatch,oracle shifted-null tail mismatch
tikz-v2,weight_clipping_frontier,B,adaptation,3,31,adaptation,oracle_tail_mismatch,3.0,21.0,c=21,1.3222192947339193,3.590155320065688,3.590155320065688,500,mismatch,oracle shifted-null tail mismatch
tikz-v2,weight_clipping_frontier,B,adaptation,3,32,adaptation,oracle_tail_mismatch,3.0,34.0,c=34,1.5314789170422551,3.43725577764249,3.43725577764249,500,mismatch,oracle shifted-null tail mismatch
tikz-v2,weight_clipping_frontier,B,adaptation,3,33,adaptation,oracle_tail_mismatch,3.0,55.0,c=55,1.740362689494244,3.278292999118155,3.278292999118155,500,mismatch,oracle shifted-null tail mismatch
tikz-v2,weight_clipping_frontier,B,adaptation,3,34,adaptation,oracle_tail_mismatch,3.0,89.0,c=89,1.9493900066449128,3.113180457429827,3.113180457429827,500,mismatch,oracle shifted-null tail mismatch
tikz-v2,weight_clipping_frontier,B,adaptation,3,35,adaptation,oracle_tail_mismatch,3.0,inf,unclipped,2.299390006644913,5.231476506051585e-16,5.231476506051585e-16,500,mismatch,oracle shifted-null tail mismatch
tikz-v2,weight_clipping_frontier,B,adaptation,4,0,adaptation,clipped_target_tv,0.5,1.0,c=1,0.0,0.1192708686529725,0.1192708686529725,500,tv,"TV(Q, Q_c)"
tikz-v2,weight_clipping_frontier,B,adaptation,4,1,adaptation,clipped_target_tv,0.5,1.5,c=1.5,0.1760912590556812,0.0561963104501127,0.0561963104501127,500,tv,"TV(Q, Q_c)"
tikz-v2,weight_clipping_frontier,B,adaptation,4,2,adaptation,clipped_target_tv,0.5,2.0,c=2,0.3010299956639812,0.0235520529818627,0.0235520529818627,500,tv,"TV(Q, Q_c)"
tikz-v2,weight_clipping_frontier,B,adaptation,4,3,adaptation,clipped_target_tv,0.5,3.0,c=3,0.4771212547196624,0.0040705777963615,0.0040705777963615,500,tv,"TV(Q, Q_c)"
tikz-v2,weight_clipping_frontier,B,adaptation,4,4,adaptation,clipped_target_tv,0.5,5.0,c=5,0.6989700043360189,0.0001876090404185,0.0001876090404185,500,tv,"TV(Q, Q_c)"
tikz-v2,weight_clipping_frontier,B,adaptation,4,5,adaptation,clipped_target_tv,0.5,8.0,c=8,0.9030899869919436,4.799673068283223e-06,4.799673068283223e-06,500,tv,"TV(Q, Q_c)"
tikz-v2,weight_clipping_frontier,B,adaptation,4,6,adaptation,clipped_target_tv,0.5,13.0,c=13,1.1139433523068367,4.6271235419405866e-08,4.6271235419405866e-08,500,tv,"TV(Q, Q_c)"
tikz-v2,weight_clipping_frontier,B,adaptation,4,7,adaptation,clipped_target_tv,0.5,21.0,c=21,1.3222192947339193,1.9751046912996975e-10,1.9751046912996975e-10,500,tv,"TV(Q, Q_c)"
tikz-v2,weight_clipping_frontier,B,adaptation,4,8,adaptation,clipped_target_tv,0.5,34.0,c=34,1.5314789170422551,3.390172648171451e-13,3.390172648171451e-13,500,tv,"TV(Q, Q_c)"
tikz-v2,weight_clipping_frontier,B,adaptation,4,9,adaptation,clipped_target_tv,0.5,55.0,c=55,1.740362689494244,0.0,0.0,500,tv,"TV(Q, Q_c)"
tikz-v2,weight_clipping_frontier,B,adaptation,4,10,adaptation,clipped_target_tv,0.5,89.0,c=89,1.9493900066449128,0.0,0.0,500,tv,"TV(Q, Q_c)"
tikz-v2,weight_clipping_frontier,B,adaptation,4,11,adaptation,clipped_target_tv,0.5,inf,unclipped,2.299390006644913,0.0,0.0,500,tv,"TV(Q, Q_c)"
tikz-v2,weight_clipping_frontier,B,adaptation,4,12,adaptation,clipped_target_tv,1.5,1.0,c=1,0.0,0.3658383370216664,0.3658383370216664,500,tv,"TV(Q, Q_c)"
tikz-v2,weight_clipping_frontier,B,adaptation,4,13,adaptation,clipped_target_tv,1.5,1.5,c=1.5,0.1760912590556812,0.3182980735411166,0.3182980735411166,500,tv,"TV(Q, Q_c)"
tikz-v2,weight_clipping_frontier,B,adaptation,4,14,adaptation,clipped_target_tv,1.5,2.0,c=2,0.3010299956639812,0.2822119899746484,0.2822119899746484,500,tv,"TV(Q, Q_c)"
tikz-v2,weight_clipping_frontier,B,adaptation,4,15,adaptation,clipped_target_tv,1.5,3.0,c=3,0.4771212547196624,0.2299522803800793,0.2299522803800793,500,tv,"TV(Q, Q_c)"
tikz-v2,weight_clipping_frontier,B,adaptation,4,16,adaptation,clipped_target_tv,1.5,5.0,c=5,0.6989700043360189,0.1660660963746027,0.1660660963746027,500,tv,"TV(Q, Q_c)"
tikz-v2,weight_clipping_frontier,B,adaptation,4,17,adaptation,clipped_target_tv,1.5,8.0,c=8,0.9030899869919436,0.1140883353036043,0.1140883353036043,500,tv,"TV(Q, Q_c)"
tikz-v2,weight_clipping_frontier,B,adaptation,4,18,adaptation,clipped_target_tv,1.5,13.0,c=13,1.1139433523068367,0.0711165749615114,0.0711165749615114,500,tv,"TV(Q, Q_c)"
tikz-v2,weight_clipping_frontier,B,adaptation,4,19,adaptation,clipped_target_tv,1.5,21.0,c=21,1.3222192947339193,0.0407310186433951,0.0407310186433951,500,tv,"TV(Q, Q_c)"
tikz-v2,weight_clipping_frontier,B,adaptation,4,20,adaptation,clipped_target_tv,1.5,34.0,c=34,1.5314789170422551,0.0211845609696466,0.0211845609696466,500,tv,"TV(Q, Q_c)"
tikz-v2,weight_clipping_frontier,B,adaptation,4,21,adaptation,clipped_target_tv,1.5,55.0,c=55,1.740362689494244,0.0100338650539236,0.0100338650539236,500,tv,"TV(Q, Q_c)"
tikz-v2,weight_clipping_frontier,B,adaptation,4,22,adaptation,clipped_target_tv,1.5,89.0,c=89,1.9493900066449128,0.004321419393656,0.004321419393656,500,tv,"TV(Q, Q_c)"
tikz-v2,weight_clipping_frontier,B,adaptation,4,23,adaptation,clipped_target_tv,1.5,inf,unclipped,2.299390006644913,0.0,0.0,500,tv,"TV(Q, Q_c)"
tikz-v2,weight_clipping_frontier,B,adaptation,4,24,adaptation,clipped_target_tv,3.0,1.0,c=1,0.0,0.6844420122379268,0.6844420122379268,500,tv,"TV(Q, Q_c)"
tikz-v2,weight_clipping_frontier,B,adaptation,4,25,adaptation,clipped_target_tv,3.0,1.5,c=1.5,0.1760912590556812,0.6606848271882283,0.6606848271882283,500,tv,"TV(Q, Q_c)"
tikz-v2,weight_clipping_frontier,B,adaptation,4,26,adaptation,clipped_target_tv,3.0,2.0,c=2,0.3010299956639812,0.6425472765117934,0.6425472765117934,500,tv,"TV(Q, Q_c)"
tikz-v2,weight_clipping_frontier,B,adaptation,4,27,adaptation,clipped_target_tv,3.0,3.0,c=3,0.4771212547196624,0.6151703162525863,0.6151703162525863,500,tv,"TV(Q, Q_c)"
tikz-v2,weight_clipping_frontier,B,adaptation,4,28,adaptation,clipped_target_tv,3.0,5.0,c=5,0.6989700043360189,0.5777131864339924,0.5777131864339924,500,tv,"TV(Q, Q_c)"
tikz-v2,weight_clipping_frontier,B,adaptation,4,29,adaptation,clipped_target_tv,3.0,8.0,c=8,0.9030899869919436,0.5404842334171074,0.5404842334171074,500,tv,"TV(Q, Q_c)"
tikz-v2,weight_clipping_frontier,B,adaptation,4,30,adaptation,clipped_target_tv,3.0,13.0,c=13,1.1139433523068367,0.4995403474871754,0.4995403474871754,500,tv,"TV(Q, Q_c)"
tikz-v2,weight_clipping_frontier,B,adaptation,4,31,adaptation,clipped_target_tv,3.0,21.0,c=21,1.3222192947339193,0.4570482180393309,0.4570482180393309,500,tv,"TV(Q, Q_c)"
tikz-v2,weight_clipping_frontier,B,adaptation,4,32,adaptation,clipped_target_tv,3.0,34.0,c=34,1.5314789170422551,0.412885925340763,0.412885925340763,500,tv,"TV(Q, Q_c)"
tikz-v2,weight_clipping_frontier,B,adaptation,4,33,adaptation,clipped_target_tv,3.0,55.0,c=55,1.740362689494244,0.3680465703981033,0.3680465703981033,500,tv,"TV(Q, Q_c)"
tikz-v2,weight_clipping_frontier,B,adaptation,4,34,adaptation,clipped_target_tv,3.0,89.0,c=89,1.9493900066449128,0.3232391670837934,0.3232391670837934,500,tv,"TV(Q, Q_c)"
tikz-v2,weight_clipping_frontier,B,adaptation,4,35,adaptation,clipped_target_tv,3.0,inf,unclipped,2.299390006644913,0.0,0.0,500,tv,"TV(Q, Q_c)"
tikz-v2,weight_clipping_frontier,C,frontier,5,0,frontier,frontier_oracle_tail_mismatch,0.5,1.0,c=1,0.0024865183015486,0.5305388261598772,0.5305388261598772,500,frontier,frontier: mismatch vs atom
tikz-v2,weight_clipping_frontier,C,frontier,5,1,frontier,frontier_oracle_tail_mismatch,0.5,1.5,c=1.5,0.0032200131893328,0.4189621845500099,0.4189621845500099,500,frontier,frontier: mismatch vs atom
tikz-v2,weight_clipping_frontier,C,frontier,5,2,frontier,frontier_oracle_tail_mismatch,0.5,2.0,c=2,0.0040941693977752,0.3205573693840616,0.3205573693840616,500,frontier,frontier: mismatch vs atom
tikz-v2,weight_clipping_frontier,C,frontier,5,3,frontier,frontier_oracle_tail_mismatch,0.5,3.0,c=3,0.0059942204865833,0.1821870031193267,0.1821870031193267,500,frontier,frontier: mismatch vs atom
tikz-v2,weight_clipping_frontier,C,frontier,5,4,frontier,frontier_oracle_tail_mismatch,0.5,5.0,c=5,0.0097589514979226,0.0509066251594538,0.0509066251594538,500,frontier,frontier: mismatch vs atom
tikz-v2,weight_clipping_frontier,C,frontier,5,5,frontier,frontier_oracle_tail_mismatch,0.5,8.0,c=8,0.01137598117284,0.0025799467279517,0.0025799467279517,500,frontier,frontier: mismatch vs atom
tikz-v2,weight_clipping_frontier,C,frontier,5,6,frontier,frontier_oracle_tail_mismatch,0.5,13.0,c=13,0.0114631053685593,2.455595492758664e-05,2.455595492758664e-05,500,frontier,frontier: mismatch vs atom
tikz-v2,weight_clipping_frontier,C,frontier,5,7,frontier,frontier_oracle_tail_mismatch,0.5,21.0,c=21,0.0114631053685593,1.0480520563802258e-07,1.0480520563802258e-07,500,frontier,frontier: mismatch vs atom
tikz-v2,weight_clipping_frontier,C,frontier,5,8,frontier,frontier_oracle_tail_mismatch,0.5,34.0,c=34,0.0114631053685593,1.7989367922212472e-10,1.7989367922212472e-10,500,frontier,frontier: mismatch vs atom
tikz-v2,weight_clipping_frontier,C,frontier,5,9,frontier,frontier_oracle_tail_mismatch,0.5,55.0,c=55,0.0114631053685593,1.330446443324427e-13,1.330446443324427e-13,500,frontier,frontier: mismatch vs atom
tikz-v2,weight_clipping_frontier,C,frontier,5,10,frontier,frontier_oracle_tail_mismatch,0.5,89.0,c=89,0.0114631053685593,1.4680077564273372e-14,1.4680077564273372e-14,500,frontier,frontier: mismatch vs atom
tikz-v2,weight_clipping_frontier,C,frontier,5,11,frontier,frontier_oracle_tail_mismatch,0.5,inf,unclipped,0.0114631053685593,4.0562024061897673e-16,4.0562024061897673e-16,500,frontier,frontier: mismatch vs atom
tikz-v2,weight_clipping_frontier,C,frontier,5,12,frontier,frontier_oracle_tail_mismatch,1.5,1.0,c=1,0.004388294566754,1.83230644076053,1.83230644076053,500,frontier,frontier: mismatch vs atom
tikz-v2,weight_clipping_frontier,C,frontier,5,13,frontier,frontier_oracle_tail_mismatch,1.5,1.5,c=1.5,0.0054567224031346,1.7373915129165414,1.7373915129165414,500,frontier,frontier: mismatch vs atom
tikz-v2,weight_clipping_frontier,C,frontier,5,14,frontier,frontier_oracle_tail_mismatch,1.5,2.0,c=2,0.0064916219632833,1.6618173385725417,1.6618173385725417,500,frontier,frontier: mismatch vs atom
tikz-v2,weight_clipping_frontier,C,frontier,5,15,frontier,frontier_oracle_tail_mismatch,1.5,3.0,c=3,0.0085062135242551,1.5441454838388222,1.5441454838388222,500,frontier,frontier: mismatch vs atom
tikz-v2,weight_clipping_frontier,C,frontier,5,16,frontier,frontier_oracle_tail_mismatch,1.5,5.0,c=5,0.0124108879020903,1.3796190248926377,1.3796190248926377,500,frontier,frontier: mismatch vs atom
tikz-v2,weight_clipping_frontier,C,frontier,5,17,frontier,frontier_oracle_tail_mismatch,1.5,8.0,c=8,0.0181597275736689,1.2168677623436834,1.2168677623436834,500,frontier,frontier: mismatch vs atom
tikz-v2,weight_clipping_frontier,C,frontier,5,18,frontier,frontier_oracle_tail_mismatch,1.5,13.0,c=13,0.0275860492245059,1.0427058689068496,1.0427058689068496,500,frontier,frontier: mismatch vs atom
tikz-v2,weight_clipping_frontier,C,frontier,5,19,frontier,frontier_oracle_tail_mismatch,1.5,21.0,c=21,0.042335745246293,0.8701356308933299,0.8701356308933299,500,frontier,frontier: mismatch vs atom
tikz-v2,weight_clipping_frontier,C,frontier,5,20,frontier,frontier_oracle_tail_mismatch,1.5,34.0,c=34,0.0654749699759461,0.7016578826340838,0.7016578826340838,500,frontier,frontier: mismatch vs atom
tikz-v2,weight_clipping_frontier,C,frontier,5,21,frontier,frontier_oracle_tail_mismatch,1.5,55.0,c=55,0.1007560216480164,0.5434056347110502,0.5434056347110502,500,frontier,frontier: mismatch vs atom
tikz-v2,weight_clipping_frontier,C,frontier,5,22,frontier,frontier_oracle_tail_mismatch,1.5,89.0,c=89,0.1527531219088722,0.3993663411608761,0.3993663411608761,500,frontier,frontier: mismatch vs atom
tikz-v2,weight_clipping_frontier,C,frontier,5,23,frontier,frontier_oracle_tail_mismatch,1.5,inf,unclipped,0.4456790135173912,4.899988939423892e-16,4.899988939423892e-16,500,frontier,frontier: mismatch vs atom
tikz-v2,weight_clipping_frontier,C,frontier,5,24,frontier,frontier_oracle_tail_mismatch,3.0,1.0,c=1,0.0147774784225919,4.395939335800171,4.395939335800171,500,frontier,frontier: mismatch vs atom
tikz-v2,weight_clipping_frontier,C,frontier,5,25,frontier,frontier_oracle_tail_mismatch,3.0,1.5,c=1.5,0.0181861283793515,4.305284394921301,4.305284394921301,500,frontier,frontier: mismatch vs atom
tikz-v2,weight_clipping_frontier,C,frontier,5,26,frontier,frontier_oracle_tail_mismatch,3.0,2.0,c=2,0.0212245770857001,4.237803173613213,4.237803173613213,500,frontier,frontier: mismatch vs atom
tikz-v2,weight_clipping_frontier,C,frontier,5,27,frontier,frontier_oracle_tail_mismatch,3.0,3.0,c=3,0.0266478504826525,4.13825874779473,4.13825874779473,500,frontier,frontier: mismatch vs atom
tikz-v2,weight_clipping_frontier,C,frontier,5,28,frontier,frontier_oracle_tail_mismatch,3.0,5.0,c=5,0.0360544946959349,4.005523291863201,4.005523291863201,500,frontier,frontier: mismatch vs atom
tikz-v2,weight_clipping_frontier,C,frontier,5,29,frontier,frontier_oracle_tail_mismatch,3.0,8.0,c=8,0.0483390177122547,3.87628295843719,3.87628295843719,500,frontier,frontier: mismatch vs atom
tikz-v2,weight_clipping_frontier,C,frontier,5,30,frontier,frontier_oracle_tail_mismatch,3.0,13.0,c=13,0.0663266293392825,3.7357676221509393,3.7357676221509393,500,frontier,frontier: mismatch vs atom
tikz-v2,weight_clipping_frontier,C,frontier,5,31,frontier,frontier_oracle_tail_mismatch,3.0,21.0,c=21,0.0913506163191885,3.590155320065688,3.590155320065688,500,frontier,frontier: mismatch vs atom
tikz-v2,weight_clipping_frontier,C,frontier,5,32,frontier,frontier_oracle_tail_mismatch,3.0,34.0,c=34,0.1266411169120069,3.43725577764249,3.43725577764249,500,frontier,frontier: mismatch vs atom
tikz-v2,weight_clipping_frontier,C,frontier,5,33,frontier,frontier_oracle_tail_mismatch,3.0,55.0,c=55,0.1756147573566719,3.278292999118155,3.278292999118155,500,frontier,frontier: mismatch vs atom
tikz-v2,weight_clipping_frontier,C,frontier,5,34,frontier,frontier_oracle_tail_mismatch,3.0,89.0,c=89,0.2414852725829433,3.113180457429827,3.113180457429827,500,frontier,frontier: mismatch vs atom
tikz-v2,weight_clipping_frontier,C,frontier,5,35,frontier,frontier_oracle_tail_mismatch,3.0,inf,unclipped,0.9994216231183226,5.231476506051585e-16,5.231476506051585e-16,500,frontier,frontier: mismatch vs atom
