summary_version,scenario,diagnostic,kappa,bin,x_left,x_right,x,successes,count,probability
split-v5:weighted:wcs-homogeneous,baseline,first_threshold,inf,25,1.1764705882352944,1.323529411764706,1.2492539219029817,10771.0,65312.0,0.16491609505144536
split-v5:weighted:wcs-homogeneous,baseline,rank_aware,inf,23,0.8823529411764706,1.0294117647058822,0.9551968341516879,2662.0,65118.0,0.04087963389538991
split-v5:weighted:wcs-homogeneous,baseline,first_threshold,2.0,25,1.1764705882352944,1.323529411764706,1.2492539219029817,1764.0,65312.0,0.027008819206271434
split-v5:weighted:wcs-homogeneous,baseline,rank_aware,2.0,23,0.8823529411764706,1.0294117647058822,0.9551968341516879,780.0,65118.0,0.01197825486040726
split-v5:weighted:wcs-homogeneous,baseline,first_threshold,2.5,25,1.1764705882352944,1.323529411764706,1.2492539219029817,3624.0,65312.0,0.0554875061244488
split-v5:weighted:wcs-homogeneous,baseline,rank_aware,2.5,23,0.8823529411764706,1.0294117647058822,0.9551968341516879,1019.0,65118.0,0.015648515003532048
split-v5:weighted:wcs-homogeneous,baseline,first_threshold,3.0,25,1.1764705882352944,1.323529411764706,1.2492539219029817,5379.0,65312.0,0.08235852523272906
split-v5:weighted:wcs-homogeneous,baseline,rank_aware,3.0,23,0.8823529411764706,1.0294117647058822,0.9551968341516879,1224.0,65118.0,0.018796646088639086
split-v5:weighted:wcs-homogeneous,baseline,first_threshold,3.5,25,1.1764705882352944,1.323529411764706,1.2492539219029817,6668.0,65312.0,0.10209456148946595
split-v5:weighted:wcs-homogeneous,baseline,rank_aware,3.5,23,0.8823529411764706,1.0294117647058822,0.9551968341516879,1349.0,65118.0,0.02071623821370435
split-v5:weighted:wcs-homogeneous,baseline,first_threshold,4.0,25,1.1764705882352944,1.323529411764706,1.2492539219029817,7455.0,65312.0,0.11414441450269476
split-v5:weighted:wcs-homogeneous,baseline,rank_aware,4.0,23,0.8823529411764706,1.0294117647058822,0.9551968341516879,1428.0,65118.0,0.0219294204367456
split-v5:weighted:wcs-homogeneous,baseline,first_threshold,inf,26,1.323529411764706,1.4705882352941178,1.3960383306036437,8139.0,59001.0,0.13794681446077184
split-v5:weighted:wcs-homogeneous,baseline,first_threshold,2.0,26,1.323529411764706,1.4705882352941178,1.3960383306036437,1080.0,59001.0,0.018304774495347537
split-v5:weighted:wcs-homogeneous,baseline,first_threshold,2.5,26,1.323529411764706,1.4705882352941178,1.3960383306036437,2350.0,59001.0,0.03982983339265436
split-v5:weighted:wcs-homogeneous,baseline,first_threshold,3.0,26,1.323529411764706,1.4705882352941178,1.3960383306036437,3707.0,59001.0,0.06282944356875307
split-v5:weighted:wcs-homogeneous,baseline,first_threshold,3.5,26,1.323529411764706,1.4705882352941178,1.3960383306036437,4801.0,59001.0,0.08137150217792918
split-v5:weighted:wcs-homogeneous,baseline,first_threshold,4.0,26,1.323529411764706,1.4705882352941178,1.3960383306036437,5465.0,59001.0,0.09262554871951323
split-v5:weighted:wcs-homogeneous,baseline,first_threshold,inf,27,1.4705882352941178,1.6176470588235299,1.5426539349166404,5724.0,52146.0,0.10976872626855368
split-v5:weighted:wcs-homogeneous,baseline,first_threshold,2.0,27,1.4705882352941178,1.6176470588235299,1.5426539349166404,600.0,52146.0,0.011506155793349442
split-v5:weighted:wcs-homogeneous,baseline,first_threshold,2.5,27,1.4705882352941178,1.6176470588235299,1.5426539349166404,1395.0,52146.0,0.026751812219537454
split-v5:weighted:wcs-homogeneous,baseline,first_threshold,3.0,27,1.4705882352941178,1.6176470588235299,1.5426539349166404,2408.0,52146.0,0.04617803858397576
split-v5:weighted:wcs-homogeneous,baseline,first_threshold,3.5,27,1.4705882352941178,1.6176470588235299,1.5426539349166404,3242.0,52146.0,0.06217159513673148
split-v5:weighted:wcs-homogeneous,baseline,first_threshold,4.0,27,1.4705882352941178,1.6176470588235299,1.5426539349166404,3740.0,52146.0,0.07172170444521152
split-v5:weighted:wcs-homogeneous,baseline,first_threshold,inf,28,1.6176470588235299,1.7647058823529411,1.6894147020157237,4016.0,45159.0,0.088930224318519
split-v5:weighted:wcs-homogeneous,baseline,first_threshold,2.0,28,1.6176470588235299,1.7647058823529411,1.6894147020157237,351.0,45159.0,0.007772537035806816
split-v5:weighted:wcs-homogeneous,baseline,first_threshold,2.5,28,1.6176470588235299,1.7647058823529411,1.6894147020157237,821.0,45159.0,0.018180207710533892
split-v5:weighted:wcs-homogeneous,baseline,first_threshold,3.0,28,1.6176470588235299,1.7647058823529411,1.6894147020157237,1493.0,45159.0,0.03306096237737771
split-v5:weighted:wcs-homogeneous,baseline,first_threshold,3.5,28,1.6176470588235299,1.7647058823529411,1.6894147020157237,2130.0,45159.0,0.047166677738656744
split-v5:weighted:wcs-homogeneous,baseline,first_threshold,4.0,28,1.6176470588235299,1.7647058823529411,1.6894147020157237,2488.0,45159.0,0.05509422263557652
split-v5:weighted:wcs-homogeneous,baseline,first_threshold,inf,29,1.7647058823529411,1.9117647058823533,1.8361142666048036,2633.0,38472.0,0.06843938448741942
split-v5:weighted:wcs-homogeneous,baseline,first_threshold,2.0,29,1.7647058823529411,1.9117647058823533,1.8361142666048036,197.0,38472.0,0.005120607194843003
split-v5:weighted:wcs-homogeneous,baseline,first_threshold,2.5,29,1.7647058823529411,1.9117647058823533,1.8361142666048036,478.0,38472.0,0.012424620503223124
split-v5:weighted:wcs-homogeneous,baseline,first_threshold,3.0,29,1.7647058823529411,1.9117647058823533,1.8361142666048036,922.0,38472.0,0.023965481389062175
split-v5:weighted:wcs-homogeneous,baseline,first_threshold,3.5,29,1.7647058823529411,1.9117647058823533,1.8361142666048036,1362.0,38472.0,0.035402370555208985
split-v5:weighted:wcs-homogeneous,baseline,first_threshold,4.0,29,1.7647058823529411,1.9117647058823533,1.8361142666048036,1633.0,38472.0,0.04244645456435849
split-v5:weighted:wcs-homogeneous,baseline,first_threshold,inf,30,1.9117647058823533,2.0588235294117645,1.982541010066566,1470.0,31652.0,0.046442562871224564
split-v5:weighted:wcs-homogeneous,baseline,first_threshold,2.0,30,1.9117647058823533,2.0588235294117645,1.982541010066566,87.0,31652.0,0.0027486414760520663
split-v5:weighted:wcs-homogeneous,baseline,first_threshold,2.5,30,1.9117647058823533,2.0588235294117645,1.982541010066566,207.0,31652.0,0.006539871098192847
split-v5:weighted:wcs-homogeneous,baseline,first_threshold,3.0,30,1.9117647058823533,2.0588235294117645,1.982541010066566,453.0,31652.0,0.014311891823581448
split-v5:weighted:wcs-homogeneous,baseline,first_threshold,3.5,30,1.9117647058823533,2.0588235294117645,1.982541010066566,689.0,31652.0,0.021767976747124985
split-v5:weighted:wcs-homogeneous,baseline,first_threshold,4.0,30,1.9117647058823533,2.0588235294117645,1.982541010066566,848.0,31652.0,0.02679135599646152
split-v5:weighted:wcs-homogeneous,baseline,first_threshold,inf,31,2.0588235294117645,2.2058823529411766,2.1298156129048103,690.0,25700.0,0.026848249027237352
split-v5:weighted:wcs-homogeneous,baseline,first_threshold,2.0,31,2.0588235294117645,2.2058823529411766,2.1298156129048103,42.0,25700.0,0.0016342412451361868
split-v5:weighted:wcs-homogeneous,baseline,first_threshold,2.5,31,2.0588235294117645,2.2058823529411766,2.1298156129048103,88.0,25700.0,0.003424124513618677
split-v5:weighted:wcs-homogeneous,baseline,first_threshold,3.0,31,2.0588235294117645,2.2058823529411766,2.1298156129048103,156.0,25700.0,0.006070038910505836
split-v5:weighted:wcs-homogeneous,baseline,first_threshold,3.5,31,2.0588235294117645,2.2058823529411766,2.1298156129048103,269.0,25700.0,0.01046692607003891
split-v5:weighted:wcs-homogeneous,baseline,first_threshold,4.0,31,2.0588235294117645,2.2058823529411766,2.1298156129048103,338.0,25700.0,0.013151750972762647
split-v5:weighted:wcs-homogeneous,baseline,first_threshold,inf,32,2.2058823529411766,2.3529411764705888,2.2748371993438257,240.0,21161.0,0.01134161901611455
split-v5:weighted:wcs-homogeneous,baseline,first_threshold,2.0,32,2.2058823529411766,2.3529411764705888,2.2748371993438257,19.0,21161.0,0.0008978781721090686
split-v5:weighted:wcs-homogeneous,baseline,first_threshold,2.5,32,2.2058823529411766,2.3529411764705888,2.2748371993438257,23.0,21161.0,0.0010869051557109777
split-v5:weighted:wcs-homogeneous,baseline,first_threshold,3.0,32,2.2058823529411766,2.3529411764705888,2.2748371993438257,39.0,21161.0,0.0018430130901186145
split-v5:weighted:wcs-homogeneous,baseline,first_threshold,3.5,32,2.2058823529411766,2.3529411764705888,2.2748371993438257,72.0,21161.0,0.003402485704834365
split-v5:weighted:wcs-homogeneous,baseline,first_threshold,4.0,32,2.2058823529411766,2.3529411764705888,2.2748371993438257,107.0,21161.0,0.00505647181135107
split-v5:weighted:wcs-homogeneous,baseline,first_threshold,inf,33,2.3529411764705888,2.5,2.421489553694076,6.0,14644.0,0.00040972411909314397
split-v5:weighted:wcs-homogeneous,baseline,first_threshold,2.0,33,2.3529411764705888,2.5,2.421489553694076,4.0,14644.0,0.0002731494127287626
split-v5:weighted:wcs-homogeneous,baseline,first_threshold,2.5,33,2.3529411764705888,2.5,2.421489553694076,4.0,14644.0,0.0002731494127287626
split-v5:weighted:wcs-homogeneous,baseline,first_threshold,3.0,33,2.3529411764705888,2.5,2.421489553694076,8.0,14644.0,0.0005462988254575252
split-v5:weighted:wcs-homogeneous,baseline,first_threshold,3.5,33,2.3529411764705888,2.5,2.421489553694076,7.0,14644.0,0.0004780114722753346
split-v5:weighted:wcs-homogeneous,baseline,first_threshold,4.0,33,2.3529411764705888,2.5,2.421489553694076,7.0,14644.0,0.0004780114722753346
split-v5:weighted:wcs-homogeneous,baseline,rank_aware,inf,24,1.0294117647058822,1.1764705882352944,1.100466660928115,1374.0,55415.0,0.024794730668591537
split-v5:weighted:wcs-homogeneous,baseline,rank_aware,2.0,24,1.0294117647058822,1.1764705882352944,1.100466660928115,456.0,55415.0,0.008228818911846974
split-v5:weighted:wcs-homogeneous,baseline,rank_aware,2.5,24,1.0294117647058822,1.1764705882352944,1.100466660928115,591.0,55415.0,0.01066498240548588
split-v5:weighted:wcs-homogeneous,baseline,rank_aware,3.0,24,1.0294117647058822,1.1764705882352944,1.100466660928115,660.0,55415.0,0.011910132635567987
split-v5:weighted:wcs-homogeneous,baseline,rank_aware,3.5,24,1.0294117647058822,1.1764705882352944,1.100466660928115,704.0,55415.0,0.012704141477939187
split-v5:weighted:wcs-homogeneous,baseline,rank_aware,4.0,24,1.0294117647058822,1.1764705882352944,1.100466660928115,748.0,55415.0,0.013498150320310385
split-v5:weighted:wcs-homogeneous,baseline,first_threshold,inf,24,1.0294117647058822,1.1764705882352944,1.1024463862322182,13635.0,68862.0,0.1980047050622985
split-v5:weighted:wcs-homogeneous,baseline,first_threshold,2.0,24,1.0294117647058822,1.1764705882352944,1.1024463862322182,2584.0,68862.0,0.03752432401033952
split-v5:weighted:wcs-homogeneous,baseline,first_threshold,2.5,24,1.0294117647058822,1.1764705882352944,1.1024463862322182,5072.0,68862.0,0.07365455548778717
split-v5:weighted:wcs-homogeneous,baseline,first_threshold,3.0,24,1.0294117647058822,1.1764705882352944,1.1024463862322182,7199.0,68862.0,0.10454241816967268
split-v5:weighted:wcs-homogeneous,baseline,first_threshold,3.5,24,1.0294117647058822,1.1764705882352944,1.1024463862322182,8788.0,68862.0,0.12761755394847665
split-v5:weighted:wcs-homogeneous,baseline,first_threshold,4.0,24,1.0294117647058822,1.1764705882352944,1.1024463862322182,9739.0,68862.0,0.14142778310243675
split-v5:weighted:wcs-homogeneous,baseline,rank_aware,inf,22,0.7352941176470589,0.8823529411764706,0.8071446474886379,4495.0,72523.0,0.06198033727231361
split-v5:weighted:wcs-homogeneous,baseline,rank_aware,2.0,22,0.7352941176470589,0.8823529411764706,0.8071446474886379,1182.0,72523.0,0.016298277787736303
split-v5:weighted:wcs-homogeneous,baseline,rank_aware,2.5,22,0.7352941176470589,0.8823529411764706,0.8071446474886379,1628.0,72523.0,0.022448050963142726
split-v5:weighted:wcs-homogeneous,baseline,rank_aware,3.0,22,0.7352941176470589,0.8823529411764706,0.8071446474886379,1973.0,72523.0,0.02720516250017236
split-v5:weighted:wcs-homogeneous,baseline,rank_aware,3.5,22,0.7352941176470589,0.8823529411764706,0.8071446474886379,2261.0,72523.0,0.03117631647891014
split-v5:weighted:wcs-homogeneous,baseline,rank_aware,4.0,22,0.7352941176470589,0.8823529411764706,0.8071446474886379,2403.0,72523.0,0.03313431601009335
split-v5:weighted:wcs-homogeneous,baseline,rank_aware,inf,25,1.1764705882352944,1.323529411764706,1.2469106493423012,685.0,44584.0,0.015364256235420778
split-v5:weighted:wcs-homogeneous,baseline,rank_aware,2.0,25,1.1764705882352944,1.323529411764706,1.2469106493423012,275.0,44584.0,0.006168132065314911
split-v5:weighted:wcs-homogeneous,baseline,rank_aware,2.5,25,1.1764705882352944,1.323529411764706,1.2469106493423012,313.0,44584.0,0.007020455768885699
split-v5:weighted:wcs-homogeneous,baseline,rank_aware,3.0,25,1.1764705882352944,1.323529411764706,1.2469106493423012,328.0,44584.0,0.007356899336084694
split-v5:weighted:wcs-homogeneous,baseline,rank_aware,3.5,25,1.1764705882352944,1.323529411764706,1.2469106493423012,350.0,44584.0,0.007850349901309887
split-v5:weighted:wcs-homogeneous,baseline,rank_aware,4.0,25,1.1764705882352944,1.323529411764706,1.2469106493423012,361.0,44584.0,0.008097075183922484
split-v5:weighted:wcs-homogeneous,baseline,first_threshold,inf,23,0.8823529411764706,1.0294117647058822,0.955454541221075,16963.0,71855.0,0.23607264630157956
split-v5:weighted:wcs-homogeneous,baseline,first_threshold,2.0,23,0.8823529411764706,1.0294117647058822,0.955454541221075,3649.0,71855.0,0.050782826525641915
split-v5:weighted:wcs-homogeneous,baseline,first_threshold,2.5,23,0.8823529411764706,1.0294117647058822,0.955454541221075,6765.0,71855.0,0.09414793681720131
split-v5:weighted:wcs-homogeneous,baseline,first_threshold,3.0,23,0.8823529411764706,1.0294117647058822,0.955454541221075,9466.0,71855.0,0.13173752696402477
split-v5:weighted:wcs-homogeneous,baseline,first_threshold,3.5,23,0.8823529411764706,1.0294117647058822,0.955454541221075,11372.0,71855.0,0.1582631688817758
split-v5:weighted:wcs-homogeneous,baseline,first_threshold,4.0,23,0.8823529411764706,1.0294117647058822,0.955454541221075,12389.0,71855.0,0.17241667246538167
split-v5:weighted:wcs-homogeneous,baseline,rank_aware,inf,26,1.323529411764706,1.4705882352941178,1.3940314747476965,330.0,34283.0,0.009625762039494794
split-v5:weighted:wcs-homogeneous,baseline,rank_aware,2.0,26,1.323529411764706,1.4705882352941178,1.3940314747476965,121.0,34283.0,0.0035294460811480907
split-v5:weighted:wcs-homogeneous,baseline,rank_aware,2.5,26,1.323529411764706,1.4705882352941178,1.3940314747476965,121.0,34283.0,0.0035294460811480907
split-v5:weighted:wcs-homogeneous,baseline,rank_aware,3.0,26,1.323529411764706,1.4705882352941178,1.3940314747476965,137.0,34283.0,0.003996149695184202
split-v5:weighted:wcs-homogeneous,baseline,rank_aware,3.5,26,1.323529411764706,1.4705882352941178,1.3940314747476965,140.0,34283.0,0.004083656622815973
split-v5:weighted:wcs-homogeneous,baseline,rank_aware,4.0,26,1.323529411764706,1.4705882352941178,1.3940314747476965,152.0,34283.0,0.0044336843333430565
split-v5:weighted:wcs-homogeneous,baseline,first_threshold,inf,22,0.7352941176470589,0.8823529411764706,0.8087862664121787,20387.0,72349.0,0.2817868940828484
split-v5:weighted:wcs-homogeneous,baseline,first_threshold,2.0,22,0.7352941176470589,0.8823529411764706,0.8087862664121787,4858.0,72349.0,0.06714674701792699
split-v5:weighted:wcs-homogeneous,baseline,first_threshold,2.5,22,0.7352941176470589,0.8823529411764706,0.8087862664121787,8740.0,72349.0,0.12080332831137956
split-v5:weighted:wcs-homogeneous,baseline,first_threshold,3.0,22,0.7352941176470589,0.8823529411764706,0.8087862664121787,11876.0,72349.0,0.16414877883592033
split-v5:weighted:wcs-homogeneous,baseline,first_threshold,3.5,22,0.7352941176470589,0.8823529411764706,0.8087862664121787,14009.0,72349.0,0.19363087257598585
split-v5:weighted:wcs-homogeneous,baseline,first_threshold,4.0,22,0.7352941176470589,0.8823529411764706,0.8087862664121787,15246.0,72349.0,0.2107285518804683
split-v5:weighted:wcs-homogeneous,baseline,rank_aware,inf,27,1.4705882352941178,1.6176470588235299,1.5410328326137421,160.0,26711.0,0.005990041555913294
split-v5:weighted:wcs-homogeneous,baseline,rank_aware,2.0,27,1.4705882352941178,1.6176470588235299,1.5410328326137421,56.0,26711.0,0.002096514544569653
split-v5:weighted:wcs-homogeneous,baseline,rank_aware,2.5,27,1.4705882352941178,1.6176470588235299,1.5410328326137421,56.0,26711.0,0.002096514544569653
split-v5:weighted:wcs-homogeneous,baseline,rank_aware,3.0,27,1.4705882352941178,1.6176470588235299,1.5410328326137421,61.0,26711.0,0.0022837033431919434
split-v5:weighted:wcs-homogeneous,baseline,rank_aware,3.5,27,1.4705882352941178,1.6176470588235299,1.5410328326137421,62.0,26711.0,0.0023211411029164016
split-v5:weighted:wcs-homogeneous,baseline,rank_aware,4.0,27,1.4705882352941178,1.6176470588235299,1.5410328326137421,59.0,26711.0,0.0022088278237430274
split-v5:weighted:wcs-homogeneous,baseline,rank_aware,inf,21,0.5882352941176472,0.7352941176470589,0.6622028128274061,7043.0,79971.0,0.0880694251666229
split-v5:weighted:wcs-homogeneous,baseline,rank_aware,2.0,21,0.5882352941176472,0.7352941176470589,0.6622028128274061,1782.0,79971.0,0.02228307761563567
split-v5:weighted:wcs-homogeneous,baseline,rank_aware,2.5,21,0.5882352941176472,0.7352941176470589,0.6622028128274061,2436.0,79971.0,0.03046104212777132
split-v5:weighted:wcs-homogeneous,baseline,rank_aware,3.0,21,0.5882352941176472,0.7352941176470589,0.6622028128274061,3037.0,79971.0,0.03797626639656876
split-v5:weighted:wcs-homogeneous,baseline,rank_aware,3.5,21,0.5882352941176472,0.7352941176470589,0.6622028128274061,3519.0,79971.0,0.04400345125107852
split-v5:weighted:wcs-homogeneous,baseline,rank_aware,4.0,21,0.5882352941176472,0.7352941176470589,0.6622028128274061,3782.0,79971.0,0.04729214340198322
split-v5:weighted:wcs-homogeneous,baseline,rank_aware,inf,20,0.4411764705882355,0.5882352941176472,0.5149840959541178,11315.0,80795.0,0.14004579491305155
split-v5:weighted:wcs-homogeneous,baseline,rank_aware,2.0,20,0.4411764705882355,0.5882352941176472,0.5149840959541178,2687.0,80795.0,0.03325700847824742
split-v5:weighted:wcs-homogeneous,baseline,rank_aware,2.5,20,0.4411764705882355,0.5882352941176472,0.5149840959541178,3819.0,80795.0,0.047267776471316296
split-v5:weighted:wcs-homogeneous,baseline,rank_aware,3.0,20,0.4411764705882355,0.5882352941176472,0.5149840959541178,4908.0,80795.0,0.06074633331270499
split-v5:weighted:wcs-homogeneous,baseline,rank_aware,3.5,20,0.4411764705882355,0.5882352941176472,0.5149840959541178,5740.0,80795.0,0.07104400024754007
split-v5:weighted:wcs-homogeneous,baseline,rank_aware,4.0,20,0.4411764705882355,0.5882352941176472,0.5149840959541178,6181.0,80795.0,0.07650225880314376
split-v5:weighted:wcs-homogeneous,baseline,first_threshold,inf,21,0.5882352941176472,0.7352941176470589,0.662363342225805,24492.0,72817.0,0.33635002815276654
split-v5:weighted:wcs-homogeneous,baseline,first_threshold,2.0,21,0.5882352941176472,0.7352941176470589,0.662363342225805,6647.0,72817.0,0.0912836288229397
split-v5:weighted:wcs-homogeneous,baseline,first_threshold,2.5,21,0.5882352941176472,0.7352941176470589,0.662363342225805,11512.0,72817.0,0.1580949503549995
split-v5:weighted:wcs-homogeneous,baseline,first_threshold,3.0,21,0.5882352941176472,0.7352941176470589,0.662363342225805,15292.0,72817.0,0.21000590521444168
split-v5:weighted:wcs-homogeneous,baseline,first_threshold,3.5,21,0.5882352941176472,0.7352941176470589,0.662363342225805,17713.0,72817.0,0.24325363582679868
split-v5:weighted:wcs-homogeneous,baseline,first_threshold,4.0,21,0.5882352941176472,0.7352941176470589,0.662363342225805,19030.0,72817.0,0.2613400716865567
split-v5:weighted:wcs-homogeneous,baseline,first_threshold,inf,19,0.2941176470588238,0.4411764705882355,0.3685501502188994,33338.0,68774.0,0.48474714281559894
split-v5:weighted:wcs-homogeneous,baseline,rank_aware,inf,19,0.2941176470588238,0.4411764705882355,0.3685057704543083,17601.0,78843.0,0.22324112476694188
split-v5:weighted:wcs-homogeneous,baseline,first_threshold,2.0,19,0.2941176470588238,0.4411764705882355,0.3685501502188994,10980.0,68774.0,0.159653357373426
split-v5:weighted:wcs-homogeneous,baseline,rank_aware,2.0,19,0.2941176470588238,0.4411764705882355,0.3685057704543083,3711.0,78843.0,0.04706822419238233
split-v5:weighted:wcs-homogeneous,baseline,first_threshold,2.5,19,0.2941176470588238,0.4411764705882355,0.3685501502188994,17887.0,68774.0,0.2600837525809172
split-v5:weighted:wcs-homogeneous,baseline,rank_aware,2.5,19,0.2941176470588238,0.4411764705882355,0.3685057704543083,5575.0,78843.0,0.07071014547898989
split-v5:weighted:wcs-homogeneous,baseline,first_threshold,3.0,19,0.2941176470588238,0.4411764705882355,0.3685501502188994,22892.0,68774.0,0.33285834763137234
split-v5:weighted:wcs-homogeneous,baseline,rank_aware,3.0,19,0.2941176470588238,0.4411764705882355,0.3685057704543083,7385.0,78843.0,0.09366716132059917
split-v5:weighted:wcs-homogeneous,baseline,first_threshold,3.5,19,0.2941176470588238,0.4411764705882355,0.3685501502188994,26091.0,68774.0,0.37937301887341146
split-v5:weighted:wcs-homogeneous,baseline,rank_aware,3.5,19,0.2941176470588238,0.4411764705882355,0.3685057704543083,8818.0,78843.0,0.11184252248138705
split-v5:weighted:wcs-homogeneous,baseline,first_threshold,4.0,19,0.2941176470588238,0.4411764705882355,0.3685501502188994,27823.0,68774.0,0.40455695466309943
split-v5:weighted:wcs-homogeneous,baseline,rank_aware,4.0,19,0.2941176470588238,0.4411764705882355,0.3685057704543083,9748.0,78843.0,0.12363811625635757
split-v5:weighted:wcs-homogeneous,baseline,rank_aware,inf,28,1.6176470588235299,1.7647058823529411,1.688972117630555,63.0,21336.0,0.002952755905511811
split-v5:weighted:wcs-homogeneous,baseline,rank_aware,2.0,28,1.6176470588235299,1.7647058823529411,1.688972117630555,33.0,21336.0,0.001546681664791901
split-v5:weighted:wcs-homogeneous,baseline,rank_aware,2.5,28,1.6176470588235299,1.7647058823529411,1.688972117630555,31.0,21336.0,0.0014529433820772404
split-v5:weighted:wcs-homogeneous,baseline,rank_aware,3.0,28,1.6176470588235299,1.7647058823529411,1.688972117630555,31.0,21336.0,0.0014529433820772404
split-v5:weighted:wcs-homogeneous,baseline,rank_aware,3.5,28,1.6176470588235299,1.7647058823529411,1.688972117630555,30.0,21336.0,0.00140607424071991
split-v5:weighted:wcs-homogeneous,baseline,rank_aware,4.0,28,1.6176470588235299,1.7647058823529411,1.688972117630555,29.0,21336.0,0.0013592050993625796
split-v5:weighted:wcs-homogeneous,baseline,first_threshold,inf,20,0.4411764705882355,0.5882352941176472,0.5158747517512869,29489.0,70866.0,0.41612338780233116
split-v5:weighted:wcs-homogeneous,baseline,first_threshold,2.0,20,0.4411764705882355,0.5882352941176472,0.5158747517512869,8951.0,70866.0,0.1263088081731719
split-v5:weighted:wcs-homogeneous,baseline,first_threshold,2.5,20,0.4411764705882355,0.5882352941176472,0.5158747517512869,14663.0,70866.0,0.2069116360454943
split-v5:weighted:wcs-homogeneous,baseline,first_threshold,3.0,20,0.4411764705882355,0.5882352941176472,0.5158747517512869,19158.0,70866.0,0.27034120734908135
split-v5:weighted:wcs-homogeneous,baseline,first_threshold,3.5,20,0.4411764705882355,0.5882352941176472,0.5158747517512869,22004.0,70866.0,0.31050150989190867
split-v5:weighted:wcs-homogeneous,baseline,first_threshold,4.0,20,0.4411764705882355,0.5882352941176472,0.5158747517512869,23601.0,70866.0,0.33303699940733217
split-v5:weighted:wcs-homogeneous,baseline,rank_aware,inf,29,1.7647058823529411,1.9117647058823533,1.8376460365043705,27.0,18092.0,0.0014923723192571301
split-v5:weighted:wcs-homogeneous,baseline,rank_aware,2.0,29,1.7647058823529411,1.9117647058823533,1.8376460365043705,12.0,18092.0,0.0006632765863365023
split-v5:weighted:wcs-homogeneous,baseline,rank_aware,2.5,29,1.7647058823529411,1.9117647058823533,1.8376460365043705,9.0,18092.0,0.0004974574397523767
split-v5:weighted:wcs-homogeneous,baseline,rank_aware,3.0,29,1.7647058823529411,1.9117647058823533,1.8376460365043705,10.0,18092.0,0.000552730488613752
split-v5:weighted:wcs-homogeneous,baseline,rank_aware,3.5,29,1.7647058823529411,1.9117647058823533,1.8376460365043705,12.0,18092.0,0.0006632765863365023
split-v5:weighted:wcs-homogeneous,baseline,rank_aware,4.0,29,1.7647058823529411,1.9117647058823533,1.8376460365043705,13.0,18092.0,0.0007185496351978776
split-v5:weighted:wcs-homogeneous,baseline,first_threshold,inf,17,0.0,0.1470588235294117,0.07405239317389631,37941.0,62386.0,0.6081652934953355
split-v5:weighted:wcs-homogeneous,baseline,rank_aware,inf,17,0.0,0.1470588235294117,0.07452044478486212,36091.0,73259.0,0.4926493673132311
split-v5:weighted:wcs-homogeneous,baseline,first_threshold,2.0,17,0.0,0.1470588235294117,0.07405239317389631,15396.0,62386.0,0.24678613791555798
split-v5:weighted:wcs-homogeneous,baseline,rank_aware,2.0,17,0.0,0.1470588235294117,0.07452044478486212,6928.0,73259.0,0.09456858542977654
split-v5:weighted:wcs-homogeneous,baseline,first_threshold,2.5,17,0.0,0.1470588235294117,0.07405239317389631,23642.0,62386.0,0.3789632289295675
split-v5:weighted:wcs-homogeneous,baseline,rank_aware,2.5,17,0.0,0.1470588235294117,0.07452044478486212,11412.0,73259.0,0.15577608211960306
split-v5:weighted:wcs-homogeneous,baseline,first_threshold,3.0,17,0.0,0.1470588235294117,0.07405239317389631,29388.0,62386.0,0.47106722662135736
split-v5:weighted:wcs-homogeneous,baseline,rank_aware,3.0,17,0.0,0.1470588235294117,0.07452044478486212,16580.0,73259.0,0.22632031559262344
split-v5:weighted:wcs-homogeneous,baseline,first_threshold,3.5,17,0.0,0.1470588235294117,0.07405239317389631,32791.0,62386.0,0.5256147212515628
split-v5:weighted:wcs-homogeneous,baseline,rank_aware,3.5,17,0.0,0.1470588235294117,0.07452044478486212,21155.0,73259.0,0.288769980480214
split-v5:weighted:wcs-homogeneous,baseline,first_threshold,4.0,17,0.0,0.1470588235294117,0.07405239317389631,34571.0,62386.0,0.5541467636969833
split-v5:weighted:wcs-homogeneous,baseline,rank_aware,4.0,17,0.0,0.1470588235294117,0.07452044478486212,24326.0,73259.0,0.33205476460230143
split-v5:weighted:wcs-homogeneous,baseline,first_threshold,inf,18,0.1470588235294117,0.2941176470588238,0.2213737738185241,37148.0,65823.0,0.5643620011242271
split-v5:weighted:wcs-homogeneous,baseline,rank_aware,inf,18,0.1470588235294117,0.2941176470588238,0.2206378476549786,26229.0,75103.0,0.34924037654953866
split-v5:weighted:wcs-homogeneous,baseline,first_threshold,2.0,18,0.1470588235294117,0.2941176470588238,0.2213737738185241,14031.0,65823.0,0.21316257235312885
split-v5:weighted:wcs-homogeneous,baseline,rank_aware,2.0,18,0.1470588235294117,0.2941176470588238,0.2206378476549786,5586.0,75103.0,0.07437785441327244
split-v5:weighted:wcs-homogeneous,baseline,first_threshold,2.5,18,0.1470588235294117,0.2941176470588238,0.2213737738185241,21892.0,65823.0,0.3325889126900931
split-v5:weighted:wcs-homogeneous,baseline,rank_aware,2.5,18,0.1470588235294117,0.2941176470588238,0.2206378476549786,8647.0,75103.0,0.11513521430568685
split-v5:weighted:wcs-homogeneous,baseline,first_threshold,3.0,18,0.1470588235294117,0.2941176470588238,0.2213737738185241,27499.0,65823.0,0.417771903438008
split-v5:weighted:wcs-homogeneous,baseline,rank_aware,3.0,18,0.1470588235294117,0.2941176470588238,0.2206378476549786,11706.0,75103.0,0.1558659441034313
split-v5:weighted:wcs-homogeneous,baseline,first_threshold,3.5,18,0.1470588235294117,0.2941176470588238,0.2213737738185241,30984.0,65823.0,0.4707169226562144
split-v5:weighted:wcs-homogeneous,baseline,rank_aware,3.5,18,0.1470588235294117,0.2941176470588238,0.2206378476549786,14296.0,75103.0,0.19035191670106388
split-v5:weighted:wcs-homogeneous,baseline,first_threshold,4.0,18,0.1470588235294117,0.2941176470588238,0.2213737738185241,32822.0,65823.0,0.49864029290673473
split-v5:weighted:wcs-homogeneous,baseline,rank_aware,4.0,18,0.1470588235294117,0.2941176470588238,0.2206378476549786,16003.0,75103.0,0.2130807025018974
split-v5:weighted:wcs-homogeneous,baseline,rank_aware,inf,30,1.9117647058823533,2.0588235294117645,1.9851550911492992,14.0,44606.0,0.00031385912209119847
split-v5:weighted:wcs-homogeneous,baseline,rank_aware,2.0,30,1.9117647058823533,2.0588235294117645,1.9851550911492992,7.0,44606.0,0.00015692956104559924
split-v5:weighted:wcs-homogeneous,baseline,rank_aware,2.5,30,1.9117647058823533,2.0588235294117645,1.9851550911492992,4.0,44606.0,8.967403488319957e-05
split-v5:weighted:wcs-homogeneous,baseline,rank_aware,3.0,30,1.9117647058823533,2.0588235294117645,1.9851550911492992,6.0,44606.0,0.00013451105232479936
split-v5:weighted:wcs-homogeneous,baseline,rank_aware,3.5,30,1.9117647058823533,2.0588235294117645,1.9851550911492992,5.0,44606.0,0.00011209254360399946
split-v5:weighted:wcs-homogeneous,baseline,rank_aware,4.0,30,1.9117647058823533,2.0588235294117645,1.9851550911492992,2.0,44606.0,4.4837017441599784e-05
split-v5:weighted:wcs-homogeneous,baseline,first_threshold,inf,16,-0.1470588235294117,0.0,-0.0728826260131099,37612.0,58171.0,0.6465764728129136
split-v5:weighted:wcs-homogeneous,baseline,rank_aware,inf,16,-0.1470588235294117,0.0,-0.07258654623396402,43261.0,68580.0,0.6308107319918344
split-v5:weighted:wcs-homogeneous,baseline,first_threshold,2.0,16,-0.1470588235294117,0.0,-0.0728826260131099,19719.0,58171.0,0.33898334221519316
split-v5:weighted:wcs-homogeneous,baseline,rank_aware,2.0,16,-0.1470588235294117,0.0,-0.07258654623396402,11251.0,68580.0,0.16405657626130066
split-v5:weighted:wcs-homogeneous,baseline,first_threshold,2.5,16,-0.1470588235294117,0.0,-0.0728826260131099,28144.0,58171.0,0.48381495934400304
split-v5:weighted:wcs-homogeneous,baseline,rank_aware,2.5,16,-0.1470588235294117,0.0,-0.07258654623396402,18472.0,68580.0,0.26934966462525517
split-v5:weighted:wcs-homogeneous,baseline,first_threshold,3.0,16,-0.1470588235294117,0.0,-0.0728826260131099,33584.0,58171.0,0.5773323477334067
split-v5:weighted:wcs-homogeneous,baseline,rank_aware,3.0,16,-0.1470588235294117,0.0,-0.07258654623396402,26927.0,68580.0,0.3926363371245261
split-v5:weighted:wcs-homogeneous,baseline,first_threshold,3.5,16,-0.1470588235294117,0.0,-0.0728826260131099,36467.0,58171.0,0.6268931254405116
split-v5:weighted:wcs-homogeneous,baseline,rank_aware,3.5,16,-0.1470588235294117,0.0,-0.07258654623396402,34734.0,68580.0,0.5064741907261592
split-v5:weighted:wcs-homogeneous,baseline,first_threshold,4.0,16,-0.1470588235294117,0.0,-0.0728826260131099,37791.0,58171.0,0.6496536074676386
split-v5:weighted:wcs-homogeneous,baseline,rank_aware,4.0,16,-0.1470588235294117,0.0,-0.07258654623396402,39737.0,68580.0,0.5794254884806066
split-v5:weighted:wcs-homogeneous,baseline,first_threshold,inf,15,-0.2941176470588234,-0.1470588235294117,-0.22008026993831237,36400.0,53496.0,0.6804247046508151
split-v5:weighted:wcs-homogeneous,baseline,rank_aware,inf,15,-0.2941176470588234,-0.1470588235294117,-0.2196265553338432,44530.0,65584.0,0.678976579653574
split-v5:weighted:wcs-homogeneous,baseline,first_threshold,2.0,15,-0.2941176470588234,-0.1470588235294117,-0.22008026993831237,20305.0,53496.0,0.3795610886795274
split-v5:weighted:wcs-homogeneous,baseline,rank_aware,2.0,15,-0.2941176470588234,-0.1470588235294117,-0.2196265553338432,13586.0,65584.0,0.20715418394730423
split-v5:weighted:wcs-homogeneous,baseline,first_threshold,2.5,15,-0.2941176470588234,-0.1470588235294117,-0.22008026993831237,28248.0,53496.0,0.5280394795872588
split-v5:weighted:wcs-homogeneous,baseline,rank_aware,2.5,15,-0.2941176470588234,-0.1470588235294117,-0.2196265553338432,23268.0,65584.0,0.3547816540619663
split-v5:weighted:wcs-homogeneous,baseline,first_threshold,3.0,15,-0.2941176470588234,-0.1470588235294117,-0.22008026993831237,33055.0,53496.0,0.6178966651712278
split-v5:weighted:wcs-homogeneous,baseline,rank_aware,3.0,15,-0.2941176470588234,-0.1470588235294117,-0.2196265553338432,33340.0,65584.0,0.5083556965113443
split-v5:weighted:wcs-homogeneous,baseline,first_threshold,3.5,15,-0.2941176470588234,-0.1470588235294117,-0.22008026993831237,35387.0,53496.0,0.6614887094362195
split-v5:weighted:wcs-homogeneous,baseline,rank_aware,3.5,15,-0.2941176470588234,-0.1470588235294117,-0.2196265553338432,40132.0,65584.0,0.6119175408636253
split-v5:weighted:wcs-homogeneous,baseline,first_threshold,4.0,15,-0.2941176470588234,-0.1470588235294117,-0.22008026993831237,36440.0,53496.0,0.6811724241064753
split-v5:weighted:wcs-homogeneous,baseline,rank_aware,4.0,15,-0.2941176470588234,-0.1470588235294117,-0.2196265553338432,43192.0,65584.0,0.6585752622590876
split-v5:weighted:wcs-homogeneous,baseline,first_threshold,inf,12,-0.7352941176470589,-0.588235294117647,-0.6600815900234657,27651.0,36812.0,0.7511409323046833
split-v5:weighted:wcs-homogeneous,baseline,rank_aware,inf,12,-0.7352941176470589,-0.588235294117647,-0.6607768595135916,44541.0,55472.0,0.8029456302278627
split-v5:weighted:wcs-homogeneous,baseline,first_threshold,2.0,12,-0.7352941176470589,-0.588235294117647,-0.6600815900234657,16983.0,36812.0,0.4613441269151364
split-v5:weighted:wcs-homogeneous,baseline,rank_aware,2.0,12,-0.7352941176470589,-0.588235294117647,-0.6607768595135916,22989.0,55472.0,0.4144252956446495
split-v5:weighted:wcs-homogeneous,baseline,first_threshold,2.5,12,-0.7352941176470589,-0.588235294117647,-0.6600815900234657,22633.0,36812.0,0.6148266869499076
split-v5:weighted:wcs-homogeneous,baseline,rank_aware,2.5,12,-0.7352941176470589,-0.588235294117647,-0.6607768595135916,35476.0,55472.0,0.6395298528987597
split-v5:weighted:wcs-homogeneous,baseline,first_threshold,3.0,12,-0.7352941176470589,-0.588235294117647,-0.6600815900234657,25726.0,36812.0,0.6988482016733674
split-v5:weighted:wcs-homogeneous,baseline,rank_aware,3.0,12,-0.7352941176470589,-0.588235294117647,-0.6607768595135916,41471.0,55472.0,0.7476023940005768
split-v5:weighted:wcs-homogeneous,baseline,first_threshold,3.5,12,-0.7352941176470589,-0.588235294117647,-0.6600815900234657,27097.0,36812.0,0.7360914919048136
split-v5:weighted:wcs-homogeneous,baseline,rank_aware,3.5,12,-0.7352941176470589,-0.588235294117647,-0.6607768595135916,43541.0,55472.0,0.7849185174502452
split-v5:weighted:wcs-homogeneous,baseline,first_threshold,4.0,12,-0.7352941176470589,-0.588235294117647,-0.6600815900234657,27616.0,36812.0,0.7501901553841138
split-v5:weighted:wcs-homogeneous,baseline,rank_aware,4.0,12,-0.7352941176470589,-0.588235294117647,-0.6607768595135916,44308.0,55472.0,0.7987453129506779
split-v5:weighted:wcs-homogeneous,baseline,first_threshold,inf,14,-0.44117647058823506,-0.2941176470588234,-0.36676435882964287,34685.0,48761.0,0.7113266750066651
split-v5:weighted:wcs-homogeneous,baseline,rank_aware,inf,14,-0.44117647058823506,-0.2941176470588234,-0.3671275751507446,44910.0,62470.0,0.7189050744357292
split-v5:weighted:wcs-homogeneous,baseline,first_threshold,2.0,14,-0.44117647058823506,-0.2941176470588234,-0.36676435882964287,20077.0,48761.0,0.41174299132503434
split-v5:weighted:wcs-homogeneous,baseline,rank_aware,2.0,14,-0.44117647058823506,-0.2941176470588234,-0.3671275751507446,17195.0,62470.0,0.27525212101808866
split-v5:weighted:wcs-homogeneous,baseline,first_threshold,2.5,14,-0.44117647058823506,-0.2941176470588234,-0.36676435882964287,27455.0,48761.0,0.5630524394495601
split-v5:weighted:wcs-homogeneous,baseline,rank_aware,2.5,14,-0.44117647058823506,-0.2941176470588234,-0.3671275751507446,28762.0,62470.0,0.46041299823915477
split-v5:weighted:wcs-homogeneous,baseline,first_threshold,3.0,14,-0.44117647058823506,-0.2941176470588234,-0.36676435882964287,31771.0,48761.0,0.6515658005373146
split-v5:weighted:wcs-homogeneous,baseline,rank_aware,3.0,14,-0.44117647058823506,-0.2941176470588234,-0.3671275751507446,38244.0,62470.0,0.6121978549703858
split-v5:weighted:wcs-homogeneous,baseline,first_threshold,3.5,14,-0.44117647058823506,-0.2941176470588234,-0.36676435882964287,33767.0,48761.0,0.6925001538114477
split-v5:weighted:wcs-homogeneous,baseline,rank_aware,3.5,14,-0.44117647058823506,-0.2941176470588234,-0.3671275751507446,42627.0,62470.0,0.6823595325756363
split-v5:weighted:wcs-homogeneous,baseline,first_threshold,4.0,14,-0.44117647058823506,-0.2941176470588234,-0.36676435882964287,34644.0,48761.0,0.7104858390927176
split-v5:weighted:wcs-homogeneous,baseline,rank_aware,4.0,14,-0.44117647058823506,-0.2941176470588234,-0.3671275751507446,44196.0,62470.0,0.7074755882823756
split-v5:weighted:wcs-homogeneous,baseline,first_threshold,inf,10,-1.0294117647058822,-0.8823529411764706,-0.953218177977989,18452.0,23880.0,0.7726968174204355
split-v5:weighted:wcs-homogeneous,baseline,rank_aware,inf,10,-1.0294117647058822,-0.8823529411764706,-0.9540415443102992,34134.0,40587.0,0.8410082045975312
split-v5:weighted:wcs-homogeneous,baseline,first_threshold,2.0,10,-1.0294117647058822,-0.8823529411764706,-0.953218177977989,11546.0,23880.0,0.48350083752093803
split-v5:weighted:wcs-homogeneous,baseline,rank_aware,2.0,10,-1.0294117647058822,-0.8823529411764706,-0.9540415443102992,21536.0,40587.0,0.5306132505482051
split-v5:weighted:wcs-homogeneous,baseline,first_threshold,2.5,10,-1.0294117647058822,-0.8823529411764706,-0.953218177977989,15325.0,23880.0,0.641750418760469
split-v5:weighted:wcs-homogeneous,baseline,rank_aware,2.5,10,-1.0294117647058822,-0.8823529411764706,-0.9540415443102992,29392.0,40587.0,0.7241727646783452
split-v5:weighted:wcs-homogeneous,baseline,first_threshold,3.0,10,-1.0294117647058822,-0.8823529411764706,-0.953218177977989,17223.0,23880.0,0.7212311557788945
split-v5:weighted:wcs-homogeneous,baseline,rank_aware,3.0,10,-1.0294117647058822,-0.8823529411764706,-0.9540415443102992,32365.0,40587.0,0.7974228201148151
split-v5:weighted:wcs-homogeneous,baseline,first_threshold,3.5,10,-1.0294117647058822,-0.8823529411764706,-0.953218177977989,18090.0,23880.0,0.757537688442211
split-v5:weighted:wcs-homogeneous,baseline,rank_aware,3.5,10,-1.0294117647058822,-0.8823529411764706,-0.9540415443102992,33568.0,40587.0,0.8270628526375441
split-v5:weighted:wcs-homogeneous,baseline,first_threshold,4.0,10,-1.0294117647058822,-0.8823529411764706,-0.953218177977989,18440.0,23880.0,0.7721943048576214
split-v5:weighted:wcs-homogeneous,baseline,rank_aware,4.0,10,-1.0294117647058822,-0.8823529411764706,-0.9540415443102992,34010.0,40587.0,0.8379530391504669
split-v5:weighted:wcs-homogeneous,baseline,first_threshold,inf,9,-1.1764705882352942,-1.0294117647058822,-1.0990102959845762,14153.0,18121.0,0.7810275371116384
split-v5:weighted:wcs-homogeneous,baseline,rank_aware,inf,9,-1.1764705882352942,-1.0294117647058822,-1.1022856357281363,28839.0,33610.0,0.8580481999404939
split-v5:weighted:wcs-homogeneous,baseline,first_threshold,2.0,9,-1.1764705882352942,-1.0294117647058822,-1.0990102959845762,8985.0,18121.0,0.49583356326913525
split-v5:weighted:wcs-homogeneous,baseline,rank_aware,2.0,9,-1.1764705882352942,-1.0294117647058822,-1.1022856357281363,19888.0,33610.0,0.5917286521868491
split-v5:weighted:wcs-homogeneous,baseline,first_threshold,2.5,9,-1.1764705882352942,-1.0294117647058822,-1.0990102959845762,11721.0,18121.0,0.6468186082445782
split-v5:weighted:wcs-homogeneous,baseline,rank_aware,2.5,9,-1.1764705882352942,-1.0294117647058822,-1.1022856357281363,25367.0,33610.0,0.754745611425171
split-v5:weighted:wcs-homogeneous,baseline,first_threshold,3.0,9,-1.1764705882352942,-1.0294117647058822,-1.0990102959845762,13274.0,18121.0,0.7325202803377298
split-v5:weighted:wcs-homogeneous,baseline,rank_aware,3.0,9,-1.1764705882352942,-1.0294117647058822,-1.1022856357281363,27529.0,33610.0,0.8190717048497471
split-v5:weighted:wcs-homogeneous,baseline,first_threshold,3.5,9,-1.1764705882352942,-1.0294117647058822,-1.0990102959845762,13885.0,18121.0,0.7662380663318802
split-v5:weighted:wcs-homogeneous,baseline,rank_aware,3.5,9,-1.1764705882352942,-1.0294117647058822,-1.1022856357281363,28371.0,33610.0,0.8441237726867004
split-v5:weighted:wcs-homogeneous,baseline,first_threshold,4.0,9,-1.1764705882352942,-1.0294117647058822,-1.0990102959845762,14165.0,18121.0,0.7816897522211799
split-v5:weighted:wcs-homogeneous,baseline,rank_aware,4.0,9,-1.1764705882352942,-1.0294117647058822,-1.1022856357281363,28749.0,33610.0,0.8553704254686105
split-v5:weighted:wcs-homogeneous,baseline,first_threshold,inf,11,-0.8823529411764706,-0.7352941176470589,-0.8071138678139858,23225.0,30387.0,0.7643071050120117
split-v5:weighted:wcs-homogeneous,baseline,rank_aware,inf,11,-0.8823529411764706,-0.7352941176470589,-0.8090123967181952,40683.0,49316.0,0.8249452510341472
split-v5:weighted:wcs-homogeneous,baseline,first_threshold,2.0,11,-0.8823529411764706,-0.7352941176470589,-0.8071138678139858,14551.0,30387.0,0.4788560897752328
split-v5:weighted:wcs-homogeneous,baseline,rank_aware,2.0,11,-0.8823529411764706,-0.7352941176470589,-0.8090123967181952,23530.0,49316.0,0.4771270987103577
split-v5:weighted:wcs-homogeneous,baseline,first_threshold,2.5,11,-0.8823529411764706,-0.7352941176470589,-0.8071138678139858,19315.0,30387.0,0.6356336591305493
split-v5:weighted:wcs-homogeneous,baseline,rank_aware,2.5,11,-0.8823529411764706,-0.7352941176470589,-0.8090123967181952,34069.0,49316.0,0.6908305620893828
split-v5:weighted:wcs-homogeneous,baseline,first_threshold,3.0,11,-0.8823529411764706,-0.7352941176470589,-0.8071138678139858,21711.0,30387.0,0.7144831671438444
split-v5:weighted:wcs-homogeneous,baseline,rank_aware,3.0,11,-0.8823529411764706,-0.7352941176470589,-0.8090123967181952,38416.0,49316.0,0.778976397112499
split-v5:weighted:wcs-homogeneous,baseline,first_threshold,3.5,11,-0.8823529411764706,-0.7352941176470589,-0.8071138678139858,22798.0,30387.0,0.7502550432750847
split-v5:weighted:wcs-homogeneous,baseline,rank_aware,3.5,11,-0.8823529411764706,-0.7352941176470589,-0.8090123967181952,39951.0,49316.0,0.810102198069592
split-v5:weighted:wcs-homogeneous,baseline,first_threshold,4.0,11,-0.8823529411764706,-0.7352941176470589,-0.8071138678139858,23255.0,30387.0,0.7652943693026624
split-v5:weighted:wcs-homogeneous,baseline,rank_aware,4.0,11,-0.8823529411764706,-0.7352941176470589,-0.8090123967181952,40551.0,49316.0,0.8222686349257847
split-v5:weighted:wcs-homogeneous,baseline,first_threshold,inf,13,-0.588235294117647,-0.44117647058823506,-0.5136477575499495,31348.0,42987.0,0.7292437248470468
split-v5:weighted:wcs-homogeneous,baseline,rank_aware,inf,13,-0.588235294117647,-0.44117647058823506,-0.5130264081584037,46211.0,60323.0,0.7660593803358586
split-v5:weighted:wcs-homogeneous,baseline,first_threshold,2.0,13,-0.588235294117647,-0.44117647058823506,-0.5136477575499495,18874.0,42987.0,0.4390629725265778
split-v5:weighted:wcs-homogeneous,baseline,rank_aware,2.0,13,-0.588235294117647,-0.44117647058823506,-0.5130264081584037,20823.0,60323.0,0.34519171791853853
split-v5:weighted:wcs-homogeneous,baseline,first_threshold,2.5,13,-0.588235294117647,-0.44117647058823506,-0.5136477575499495,25312.0,42987.0,0.5888291809151603
split-v5:weighted:wcs-homogeneous,baseline,rank_aware,2.5,13,-0.588235294117647,-0.44117647058823506,-0.5130264081584037,33601.0,60323.0,0.5570180528156756
split-v5:weighted:wcs-homogeneous,baseline,first_threshold,3.0,13,-0.588235294117647,-0.44117647058823506,-0.5136477575499495,28905.0,42987.0,0.6724125898527462
split-v5:weighted:wcs-homogeneous,baseline,rank_aware,3.0,13,-0.588235294117647,-0.44117647058823506,-0.5130264081584037,41469.0,60323.0,0.6874492316363576
split-v5:weighted:wcs-homogeneous,baseline,first_threshold,3.5,13,-0.588235294117647,-0.44117647058823506,-0.5136477575499495,30609.0,42987.0,0.7120524809826226
split-v5:weighted:wcs-homogeneous,baseline,rank_aware,3.5,13,-0.588235294117647,-0.44117647058823506,-0.5130264081584037,44558.0,60323.0,0.7386568970376142
split-v5:weighted:wcs-homogeneous,baseline,first_threshold,4.0,13,-0.588235294117647,-0.44117647058823506,-0.5136477575499495,31302.0,42987.0,0.7281736338893153
split-v5:weighted:wcs-homogeneous,baseline,rank_aware,4.0,13,-0.588235294117647,-0.44117647058823506,-0.5130264081584037,45681.0,60323.0,0.757273345158563
split-v5:weighted:wcs-homogeneous,baseline,first_threshold,inf,8,-1.3235294117647058,-1.1764705882352942,-1.2462057788013035,10370.0,13249.0,0.7827005811759378
split-v5:weighted:wcs-homogeneous,baseline,rank_aware,inf,8,-1.3235294117647058,-1.1764705882352942,-1.2477113669732525,26848.0,30220.0,0.8884182660489742
split-v5:weighted:wcs-homogeneous,baseline,first_threshold,2.0,8,-1.3235294117647058,-1.1764705882352942,-1.2462057788013035,6425.0,13249.0,0.48494225979319194
split-v5:weighted:wcs-homogeneous,baseline,rank_aware,2.0,8,-1.3235294117647058,-1.1764705882352942,-1.2477113669732525,19528.0,30220.0,0.6461945731303772
split-v5:weighted:wcs-homogeneous,baseline,first_threshold,2.5,8,-1.3235294117647058,-1.1764705882352942,-1.2462057788013035,8523.0,13249.0,0.6432938334968676
split-v5:weighted:wcs-homogeneous,baseline,rank_aware,2.5,8,-1.3235294117647058,-1.1764705882352942,-1.2477113669732525,24170.0,30220.0,0.799801455989411
split-v5:weighted:wcs-homogeneous,baseline,first_threshold,3.0,8,-1.3235294117647058,-1.1764705882352942,-1.2462057788013035,9669.0,13249.0,0.7297909276171787
split-v5:weighted:wcs-homogeneous,baseline,rank_aware,3.0,8,-1.3235294117647058,-1.1764705882352942,-1.2477113669732525,25921.0,30220.0,0.8577432164129716
split-v5:weighted:wcs-homogeneous,baseline,first_threshold,3.5,8,-1.3235294117647058,-1.1764705882352942,-1.2462057788013035,10196.0,13249.0,0.7695675145293984
split-v5:weighted:wcs-homogeneous,baseline,rank_aware,3.5,8,-1.3235294117647058,-1.1764705882352942,-1.2477113669732525,26559.0,30220.0,0.87885506287227
split-v5:weighted:wcs-homogeneous,baseline,first_threshold,4.0,8,-1.3235294117647058,-1.1764705882352942,-1.2462057788013035,10366.0,13249.0,0.7823986715978565
split-v5:weighted:wcs-homogeneous,baseline,rank_aware,4.0,8,-1.3235294117647058,-1.1764705882352942,-1.2477113669732525,26783.0,30220.0,0.8862673726009266
split-v5:weighted:wcs-homogeneous,baseline,first_threshold,inf,6,-1.6176470588235294,-1.4705882352941175,-1.5389830395068589,4236.0,5694.0,0.743940990516333
split-v5:weighted:wcs-homogeneous,baseline,rank_aware,inf,6,-1.6176470588235294,-1.4705882352941175,-1.5419973751952207,12565.0,14157.0,0.8875467966377057
split-v5:weighted:wcs-homogeneous,baseline,first_threshold,2.0,6,-1.6176470588235294,-1.4705882352941175,-1.5389830395068589,2692.0,5694.0,0.4727783631893221
split-v5:weighted:wcs-homogeneous,baseline,rank_aware,2.0,6,-1.6176470588235294,-1.4705882352941175,-1.5419973751952207,9089.0,14157.0,0.6420145511054602
split-v5:weighted:wcs-homogeneous,baseline,first_threshold,2.5,6,-1.6176470588235294,-1.4705882352941175,-1.5389830395068589,3555.0,5694.0,0.6243414120126449
split-v5:weighted:wcs-homogeneous,baseline,rank_aware,2.5,6,-1.6176470588235294,-1.4705882352941175,-1.5419973751952207,11182.0,14157.0,0.7898566080384262
split-v5:weighted:wcs-homogeneous,baseline,first_threshold,3.0,6,-1.6176470588235294,-1.4705882352941175,-1.5389830395068589,3966.0,5694.0,0.6965226554267651
split-v5:weighted:wcs-homogeneous,baseline,rank_aware,3.0,6,-1.6176470588235294,-1.4705882352941175,-1.5419973751952207,12094.0,14157.0,0.8542770360952179
split-v5:weighted:wcs-homogeneous,baseline,first_threshold,3.5,6,-1.6176470588235294,-1.4705882352941175,-1.5389830395068589,4199.0,5694.0,0.7374429223744292
split-v5:weighted:wcs-homogeneous,baseline,rank_aware,3.5,6,-1.6176470588235294,-1.4705882352941175,-1.5419973751952207,12461.0,14157.0,0.8802006074733347
split-v5:weighted:wcs-homogeneous,baseline,first_threshold,4.0,6,-1.6176470588235294,-1.4705882352941175,-1.5389830395068589,4285.0,5694.0,0.7525465402177731
split-v5:weighted:wcs-homogeneous,baseline,rank_aware,4.0,6,-1.6176470588235294,-1.4705882352941175,-1.5419973751952207,12594.0,14157.0,0.8895952532316169
split-v5:weighted:wcs-homogeneous,baseline,first_threshold,inf,7,-1.4705882352941175,-1.3235294117647058,-1.391525001300245,6734.0,8926.0,0.75442527447905
split-v5:weighted:wcs-homogeneous,baseline,rank_aware,inf,7,-1.4705882352941175,-1.3235294117647058,-1.392970891760842,16240.0,18623.0,0.872039950598722
split-v5:weighted:wcs-homogeneous,baseline,first_threshold,2.0,7,-1.4705882352941175,-1.3235294117647058,-1.391525001300245,4173.0,8926.0,0.4675106430652028
split-v5:weighted:wcs-homogeneous,baseline,rank_aware,2.0,7,-1.4705882352941175,-1.3235294117647058,-1.392970891760842,11838.0,18623.0,0.6356655748268271
split-v5:weighted:wcs-homogeneous,baseline,first_threshold,2.5,7,-1.4705882352941175,-1.3235294117647058,-1.391525001300245,5494.0,8926.0,0.6155052655164688
split-v5:weighted:wcs-homogeneous,baseline,rank_aware,2.5,7,-1.4705882352941175,-1.3235294117647058,-1.392970891760842,14552.0,18623.0,0.7813993448960962
split-v5:weighted:wcs-homogeneous,baseline,first_threshold,3.0,7,-1.4705882352941175,-1.3235294117647058,-1.391525001300245,6306.0,8926.0,0.706475464933901
split-v5:weighted:wcs-homogeneous,baseline,rank_aware,3.0,7,-1.4705882352941175,-1.3235294117647058,-1.392970891760842,15680.0,18623.0,0.8419696074746281
split-v5:weighted:wcs-homogeneous,baseline,first_threshold,3.5,7,-1.4705882352941175,-1.3235294117647058,-1.391525001300245,6637.0,8926.0,0.7435581447456867
split-v5:weighted:wcs-homogeneous,baseline,rank_aware,3.5,7,-1.4705882352941175,-1.3235294117647058,-1.392970891760842,16101.0,18623.0,0.8645760618589916
split-v5:weighted:wcs-homogeneous,baseline,first_threshold,4.0,7,-1.4705882352941175,-1.3235294117647058,-1.391525001300245,6757.0,8926.0,0.7570020165807753
split-v5:weighted:wcs-homogeneous,baseline,rank_aware,4.0,7,-1.4705882352941175,-1.3235294117647058,-1.392970891760842,16235.0,18623.0,0.8717714653922569
split-v5:weighted:wcs-homogeneous,baseline,first_threshold,inf,5,-1.7647058823529411,-1.6176470588235294,-1.6844969081250427,2725.0,3762.0,0.7243487506645402
split-v5:weighted:wcs-homogeneous,baseline,rank_aware,inf,5,-1.7647058823529411,-1.6176470588235294,-1.6825567605417213,3483.0,4607.0,0.7560234425873671
split-v5:weighted:wcs-homogeneous,baseline,first_threshold,2.0,5,-1.7647058823529411,-1.6176470588235294,-1.6844969081250427,1745.0,3762.0,0.46384901648059546
split-v5:weighted:wcs-homogeneous,baseline,rank_aware,2.0,5,-1.7647058823529411,-1.6176470588235294,-1.6825567605417213,2238.0,4607.0,0.48578250488387237
split-v5:weighted:wcs-homogeneous,baseline,first_threshold,2.5,5,-1.7647058823529411,-1.6176470588235294,-1.6844969081250427,2278.0,3762.0,0.6055289739500266
split-v5:weighted:wcs-homogeneous,baseline,rank_aware,2.5,5,-1.7647058823529411,-1.6176470588235294,-1.6825567605417213,2918.0,4607.0,0.6333839808986326
split-v5:weighted:wcs-homogeneous,baseline,first_threshold,3.0,5,-1.7647058823529411,-1.6176470588235294,-1.6844969081250427,2573.0,3762.0,0.6839447102604997
split-v5:weighted:wcs-homogeneous,baseline,rank_aware,3.0,5,-1.7647058823529411,-1.6176470588235294,-1.6825567605417213,3281.0,4607.0,0.7121771217712177
split-v5:weighted:wcs-homogeneous,baseline,first_threshold,3.5,5,-1.7647058823529411,-1.6176470588235294,-1.6844969081250427,2725.0,3762.0,0.7243487506645402
split-v5:weighted:wcs-homogeneous,baseline,rank_aware,3.5,5,-1.7647058823529411,-1.6176470588235294,-1.6825567605417213,3469.0,4607.0,0.7529845886694161
split-v5:weighted:wcs-homogeneous,baseline,first_threshold,4.0,5,-1.7647058823529411,-1.6176470588235294,-1.6844969081250427,2775.0,3762.0,0.7376395534290271
split-v5:weighted:wcs-homogeneous,baseline,rank_aware,4.0,5,-1.7647058823529411,-1.6176470588235294,-1.6825567605417213,3528.0,4607.0,0.7657911873236379
split-v5:weighted:wcs-homogeneous,baseline,first_threshold,inf,1,-2.3529411764705883,-2.2058823529411766,-2.276561245307245,403.0,582.0,0.6924398625429553
split-v5:weighted:wcs-homogeneous,baseline,rank_aware,inf,1,-2.3529411764705883,-2.2058823529411766,-2.27692451287386,409.0,590.0,0.6932203389830508
split-v5:weighted:wcs-homogeneous,baseline,first_threshold,2.0,1,-2.3529411764705883,-2.2058823529411766,-2.276561245307245,248.0,582.0,0.4261168384879725
split-v5:weighted:wcs-homogeneous,baseline,rank_aware,2.0,1,-2.3529411764705883,-2.2058823529411766,-2.27692451287386,255.0,590.0,0.4322033898305085
split-v5:weighted:wcs-homogeneous,baseline,first_threshold,2.5,1,-2.3529411764705883,-2.2058823529411766,-2.276561245307245,329.0,582.0,0.5652920962199313
split-v5:weighted:wcs-homogeneous,baseline,rank_aware,2.5,1,-2.3529411764705883,-2.2058823529411766,-2.27692451287386,335.0,590.0,0.5677966101694916
split-v5:weighted:wcs-homogeneous,baseline,first_threshold,3.0,1,-2.3529411764705883,-2.2058823529411766,-2.276561245307245,371.0,582.0,0.6374570446735395
split-v5:weighted:wcs-homogeneous,baseline,rank_aware,3.0,1,-2.3529411764705883,-2.2058823529411766,-2.27692451287386,378.0,590.0,0.6406779661016949
split-v5:weighted:wcs-homogeneous,baseline,first_threshold,3.5,1,-2.3529411764705883,-2.2058823529411766,-2.276561245307245,399.0,582.0,0.6855670103092784
split-v5:weighted:wcs-homogeneous,baseline,rank_aware,3.5,1,-2.3529411764705883,-2.2058823529411766,-2.27692451287386,405.0,590.0,0.6864406779661016
split-v5:weighted:wcs-homogeneous,baseline,first_threshold,4.0,1,-2.3529411764705883,-2.2058823529411766,-2.276561245307245,410.0,582.0,0.7044673539518901
split-v5:weighted:wcs-homogeneous,baseline,rank_aware,4.0,1,-2.3529411764705883,-2.2058823529411766,-2.27692451287386,416.0,590.0,0.7050847457627119
split-v5:weighted:wcs-homogeneous,baseline,first_threshold,inf,4,-1.9117647058823528,-1.7647058823529411,-1.831670034549299,1684.0,2343.0,0.7187366623986342
split-v5:weighted:wcs-homogeneous,baseline,rank_aware,inf,4,-1.9117647058823528,-1.7647058823529411,-1.8310208641165233,1886.0,2567.0,0.7347097779509154
split-v5:weighted:wcs-homogeneous,baseline,first_threshold,2.0,4,-1.9117647058823528,-1.7647058823529411,-1.831670034549299,1073.0,2343.0,0.4579598804950918
split-v5:weighted:wcs-homogeneous,baseline,rank_aware,2.0,4,-1.9117647058823528,-1.7647058823529411,-1.8310208641165233,1195.0,2567.0,0.46552395792754186
split-v5:weighted:wcs-homogeneous,baseline,first_threshold,2.5,4,-1.9117647058823528,-1.7647058823529411,-1.831670034549299,1383.0,2343.0,0.5902688860435339
split-v5:weighted:wcs-homogeneous,baseline,rank_aware,2.5,4,-1.9117647058823528,-1.7647058823529411,-1.8310208641165233,1541.0,2567.0,0.6003116478379431
split-v5:weighted:wcs-homogeneous,baseline,first_threshold,3.0,4,-1.9117647058823528,-1.7647058823529411,-1.831670034549299,1566.0,2343.0,0.6683738796414853
split-v5:weighted:wcs-homogeneous,baseline,rank_aware,3.0,4,-1.9117647058823528,-1.7647058823529411,-1.8310208641165233,1752.0,2567.0,0.6825087650954421
split-v5:weighted:wcs-homogeneous,baseline,first_threshold,3.5,4,-1.9117647058823528,-1.7647058823529411,-1.831670034549299,1639.0,2343.0,0.6995305164319249
split-v5:weighted:wcs-homogeneous,baseline,rank_aware,3.5,4,-1.9117647058823528,-1.7647058823529411,-1.8310208641165233,1840.0,2567.0,0.7167900272691858
split-v5:weighted:wcs-homogeneous,baseline,first_threshold,4.0,4,-1.9117647058823528,-1.7647058823529411,-1.831670034549299,1677.0,2343.0,0.7157490396927016
split-v5:weighted:wcs-homogeneous,baseline,rank_aware,4.0,4,-1.9117647058823528,-1.7647058823529411,-1.8310208641165233,1880.0,2567.0,0.732372419166342
split-v5:weighted:wcs-homogeneous,baseline,first_threshold,inf,3,-2.0588235294117645,-1.9117647058823528,-1.9811901087812256,1040.0,1515.0,0.6864686468646864
split-v5:weighted:wcs-homogeneous,baseline,rank_aware,inf,3,-2.0588235294117645,-1.9117647058823528,-1.9807630779922039,1128.0,1623.0,0.6950092421441775
split-v5:weighted:wcs-homogeneous,baseline,first_threshold,2.0,3,-2.0588235294117645,-1.9117647058823528,-1.9811901087812256,670.0,1515.0,0.44224422442244227
split-v5:weighted:wcs-homogeneous,baseline,rank_aware,2.0,3,-2.0588235294117645,-1.9117647058823528,-1.9807630779922039,724.0,1623.0,0.4460874922982132
split-v5:weighted:wcs-homogeneous,baseline,first_threshold,2.5,3,-2.0588235294117645,-1.9117647058823528,-1.9811901087812256,858.0,1515.0,0.5663366336633663
split-v5:weighted:wcs-homogeneous,baseline,rank_aware,2.5,3,-2.0588235294117645,-1.9117647058823528,-1.9807630779922039,935.0,1623.0,0.5760936537276649
split-v5:weighted:wcs-homogeneous,baseline,first_threshold,3.0,3,-2.0588235294117645,-1.9117647058823528,-1.9811901087812256,996.0,1515.0,0.6574257425742575
split-v5:weighted:wcs-homogeneous,baseline,rank_aware,3.0,3,-2.0588235294117645,-1.9117647058823528,-1.9807630779922039,1078.0,1623.0,0.6642020948860136
split-v5:weighted:wcs-homogeneous,baseline,first_threshold,3.5,3,-2.0588235294117645,-1.9117647058823528,-1.9811901087812256,1048.0,1515.0,0.6917491749174918
split-v5:weighted:wcs-homogeneous,baseline,rank_aware,3.5,3,-2.0588235294117645,-1.9117647058823528,-1.9807630779922039,1134.0,1623.0,0.6987060998151571
split-v5:weighted:wcs-homogeneous,baseline,first_threshold,4.0,3,-2.0588235294117645,-1.9117647058823528,-1.9811901087812256,1056.0,1515.0,0.697029702970297
split-v5:weighted:wcs-homogeneous,baseline,rank_aware,4.0,3,-2.0588235294117645,-1.9117647058823528,-1.9807630779922039,1143.0,1623.0,0.7042513863216266
split-v5:weighted:wcs-homogeneous,baseline,first_threshold,inf,0,-2.5,-2.3529411764705883,-2.423001993059531,261.0,389.0,0.6709511568123393
split-v5:weighted:wcs-homogeneous,baseline,rank_aware,inf,0,-2.5,-2.3529411764705883,-2.423110531968888,269.0,395.0,0.6810126582278481
split-v5:weighted:wcs-homogeneous,baseline,first_threshold,2.0,0,-2.5,-2.3529411764705883,-2.423001993059531,180.0,389.0,0.46272493573264784
split-v5:weighted:wcs-homogeneous,baseline,rank_aware,2.0,0,-2.5,-2.3529411764705883,-2.423110531968888,185.0,395.0,0.46835443037974683
split-v5:weighted:wcs-homogeneous,baseline,first_threshold,2.5,0,-2.5,-2.3529411764705883,-2.423001993059531,216.0,389.0,0.5552699228791774
split-v5:weighted:wcs-homogeneous,baseline,rank_aware,2.5,0,-2.5,-2.3529411764705883,-2.423110531968888,221.0,395.0,0.5594936708860759
split-v5:weighted:wcs-homogeneous,baseline,first_threshold,3.0,0,-2.5,-2.3529411764705883,-2.423001993059531,248.0,389.0,0.6375321336760925
split-v5:weighted:wcs-homogeneous,baseline,rank_aware,3.0,0,-2.5,-2.3529411764705883,-2.423110531968888,255.0,395.0,0.6455696202531646
split-v5:weighted:wcs-homogeneous,baseline,first_threshold,3.5,0,-2.5,-2.3529411764705883,-2.423001993059531,265.0,389.0,0.6812339331619537
split-v5:weighted:wcs-homogeneous,baseline,rank_aware,3.5,0,-2.5,-2.3529411764705883,-2.423110531968888,273.0,395.0,0.6911392405063291
split-v5:weighted:wcs-homogeneous,baseline,first_threshold,4.0,0,-2.5,-2.3529411764705883,-2.423001993059531,268.0,389.0,0.6889460154241646
split-v5:weighted:wcs-homogeneous,baseline,rank_aware,4.0,0,-2.5,-2.3529411764705883,-2.423110531968888,276.0,395.0,0.6987341772151898
split-v5:weighted:wcs-homogeneous,baseline,first_threshold,inf,2,-2.2058823529411766,-2.0588235294117645,-2.1281831624352803,681.0,969.0,0.7027863777089783
split-v5:weighted:wcs-homogeneous,baseline,rank_aware,inf,2,-2.2058823529411766,-2.0588235294117645,-2.127212743873127,712.0,1009.0,0.7056491575817642
split-v5:weighted:wcs-homogeneous,baseline,first_threshold,2.0,2,-2.2058823529411766,-2.0588235294117645,-2.1281831624352803,470.0,969.0,0.4850361197110423
split-v5:weighted:wcs-homogeneous,baseline,rank_aware,2.0,2,-2.2058823529411766,-2.0588235294117645,-2.127212743873127,488.0,1009.0,0.4836471754212091
split-v5:weighted:wcs-homogeneous,baseline,first_threshold,2.5,2,-2.2058823529411766,-2.0588235294117645,-2.1281831624352803,589.0,969.0,0.6078431372549019
split-v5:weighted:wcs-homogeneous,baseline,rank_aware,2.5,2,-2.2058823529411766,-2.0588235294117645,-2.127212743873127,616.0,1009.0,0.6105054509415263
split-v5:weighted:wcs-homogeneous,baseline,first_threshold,3.0,2,-2.2058823529411766,-2.0588235294117645,-2.1281831624352803,652.0,969.0,0.672858617131063
split-v5:weighted:wcs-homogeneous,baseline,rank_aware,3.0,2,-2.2058823529411766,-2.0588235294117645,-2.127212743873127,681.0,1009.0,0.6749256689791873
split-v5:weighted:wcs-homogeneous,baseline,first_threshold,3.5,2,-2.2058823529411766,-2.0588235294117645,-2.1281831624352803,686.0,969.0,0.7079463364293086
split-v5:weighted:wcs-homogeneous,baseline,rank_aware,3.5,2,-2.2058823529411766,-2.0588235294117645,-2.127212743873127,717.0,1009.0,0.7106045589692765
split-v5:weighted:wcs-homogeneous,baseline,first_threshold,4.0,2,-2.2058823529411766,-2.0588235294117645,-2.1281831624352803,700.0,969.0,0.7223942208462333
split-v5:weighted:wcs-homogeneous,baseline,rank_aware,4.0,2,-2.2058823529411766,-2.0588235294117645,-2.127212743873127,731.0,1009.0,0.7244796828543112
