summary_version,aggregation_unit,method,source_summary_version,score_regime,bin_index,diagnostic_left,diagnostic_right,diagnostic_center,cell_count,diagnostic_mean,power_mean,power_median,power_q25,power_q75
operational-sufficiency-v2,equal_atlas_cells,unweighted,standard-unweighted-power-atlas-v4,finite_k1,0,-2.5,-2.1785714285714284,-2.3392857142857144,2,-2.301073422940844,0.025922999999999998,0.025922999999999998,0.0165445,0.0353015
operational-sufficiency-v2,equal_atlas_cells,unweighted,standard-unweighted-power-atlas-v4,finite_k1,1,-2.1785714285714284,-1.8571428571428572,-2.017857142857143,7,-2.000664162316978,0.020029428571428576,0.011632,0.0060940000000000005,0.03286
operational-sufficiency-v2,equal_atlas_cells,unweighted,standard-unweighted-power-atlas-v4,finite_k1,2,-1.8571428571428572,-1.5357142857142856,-1.6964285714285714,17,-1.6939561263305583,0.01327258823529411,0.008312,0.006208,0.0202
operational-sufficiency-v2,equal_atlas_cells,unweighted,standard-unweighted-power-atlas-v4,finite_k1,3,-1.5357142857142856,-1.2142857142857142,-1.375,27,-1.392354665888682,0.010246444444444433,0.004048,0.00203,0.01328
operational-sufficiency-v2,equal_atlas_cells,unweighted,standard-unweighted-power-atlas-v4,finite_k1,4,-1.2142857142857142,-0.8928571428571428,-1.0535714285714284,38,-1.026217307276483,0.008013736842105252,0.0030169999999999997,0.0009989999999999999,0.00753
operational-sufficiency-v2,equal_atlas_cells,unweighted,standard-unweighted-power-atlas-v4,finite_k1,5,-0.8928571428571428,-0.5714285714285712,-0.732142857142857,30,-0.7001097328379919,0.006514866666666661,0.00113,0.0002,0.007510000000000001
operational-sufficiency-v2,equal_atlas_cells,unweighted,standard-unweighted-power-atlas-v4,finite_k1,6,-0.5714285714285712,-0.25,-0.4107142857142856,39,-0.4003246956427074,0.002846564102564095,0.000176,0.0,0.00171999999999995
operational-sufficiency-v2,equal_atlas_cells,unweighted,standard-unweighted-power-atlas-v4,finite_k1,7,-0.25,0.07142857142857162,-0.08928571428571419,30,-0.10128011476902152,0.00300799999999999,4e-05,0.0,0.00063
operational-sufficiency-v2,equal_atlas_cells,unweighted,standard-unweighted-power-atlas-v4,finite_k1,8,0.07142857142857162,0.39285714285714324,0.23214285714285743,42,0.21070394230970715,0.0002666666666666619,0.0,0.0,0.0
operational-sufficiency-v2,equal_atlas_cells,unweighted,standard-unweighted-power-atlas-v4,finite_k1,9,0.39285714285714324,0.7142857142857144,0.5535714285714288,39,0.5740466129326236,2.0512820512820515e-05,0.0,0.0,0.0
operational-sufficiency-v2,equal_atlas_cells,unweighted,standard-unweighted-power-atlas-v4,finite_k1,10,0.7142857142857144,1.035714285714286,0.8750000000000002,22,0.8915241903866281,0.0,0.0,0.0,0.0
operational-sufficiency-v2,equal_atlas_cells,unweighted,standard-unweighted-power-atlas-v4,finite_k1,11,1.035714285714286,1.3571428571428577,1.1964285714285718,15,1.1927555284204805,0.0,0.0,0.0,0.0
operational-sufficiency-v2,equal_atlas_cells,unweighted,standard-unweighted-power-atlas-v4,finite_k1,12,1.3571428571428577,1.6785714285714288,1.5178571428571432,8,1.4896440368350374,0.0,0.0,0.0,0.0
operational-sufficiency-v2,equal_atlas_cells,unweighted,standard-unweighted-power-atlas-v4,finite_k1,13,1.6785714285714288,2.0,1.8392857142857144,6,1.7871513933187047,0.0,0.0,0.0,0.0
operational-sufficiency-v2,equal_atlas_cells,unweighted,standard-unweighted-power-atlas-v4,finite_k2,0,-2.5,-2.1785714285714284,-2.3392857142857144,2,-2.301073422940844,0.338793,0.338793,0.3273495,0.3502365
operational-sufficiency-v2,equal_atlas_cells,unweighted,standard-unweighted-power-atlas-v4,finite_k2,1,-2.1785714285714284,-1.8571428571428572,-2.017857142857143,7,-2.000664162316978,0.28746428571428567,0.312138,0.23844399999999993,0.337886
operational-sufficiency-v2,equal_atlas_cells,unweighted,standard-unweighted-power-atlas-v4,finite_k2,2,-1.8571428571428572,-1.5357142857142856,-1.6964285714285714,17,-1.6939561263305583,0.19634588235294115,0.201352,0.137824,0.2198
operational-sufficiency-v2,equal_atlas_cells,unweighted,standard-unweighted-power-atlas-v4,finite_k2,3,-1.5357142857142856,-1.2142857142857142,-1.375,27,-1.392354665888682,0.1617268148148148,0.1298079999999999,0.108344,0.19619999999999999
operational-sufficiency-v2,equal_atlas_cells,unweighted,standard-unweighted-power-atlas-v4,finite_k2,4,-1.2142857142857142,-0.8928571428571428,-1.0535714285714284,38,-1.026217307276483,0.1348587894736842,0.11091599999999995,0.076588,0.19741999999999998
operational-sufficiency-v2,equal_atlas_cells,unweighted,standard-unweighted-power-atlas-v4,finite_k2,5,-0.8928571428571428,-0.5714285714285712,-0.732142857142857,30,-0.7001097328379919,0.09932353333333331,0.072684,0.027239999999999976,0.17091800000000001
operational-sufficiency-v2,equal_atlas_cells,unweighted,standard-unweighted-power-atlas-v4,finite_k2,6,-0.5714285714285712,-0.25,-0.4107142857142856,39,-0.4003246956427074,0.05302738461538461,0.031224,0.012036000000000002,0.061464
operational-sufficiency-v2,equal_atlas_cells,unweighted,standard-unweighted-power-atlas-v4,finite_k2,7,-0.25,0.07142857142857162,-0.08928571428571419,30,-0.10128011476902152,0.027407733333333312,0.006368,0.001335,0.0282439999999999
operational-sufficiency-v2,equal_atlas_cells,unweighted,standard-unweighted-power-atlas-v4,finite_k2,8,0.07142857142857162,0.39285714285714324,0.23214285714285743,42,0.21070394230970715,0.0027011904761904642,0.0,0.0,0.001879999999999975
operational-sufficiency-v2,equal_atlas_cells,unweighted,standard-unweighted-power-atlas-v4,finite_k2,9,0.39285714285714324,0.7142857142857144,0.5535714285714288,39,0.5740466129326236,0.00017641025641025642,0.0,0.0,0.0
operational-sufficiency-v2,equal_atlas_cells,unweighted,standard-unweighted-power-atlas-v4,finite_k2,10,0.7142857142857144,1.035714285714286,0.8750000000000002,22,0.8915241903866281,0.0,0.0,0.0,0.0
operational-sufficiency-v2,equal_atlas_cells,unweighted,standard-unweighted-power-atlas-v4,finite_k2,11,1.035714285714286,1.3571428571428577,1.1964285714285718,15,1.1927555284204805,0.0,0.0,0.0,0.0
operational-sufficiency-v2,equal_atlas_cells,unweighted,standard-unweighted-power-atlas-v4,finite_k2,12,1.3571428571428577,1.6785714285714288,1.5178571428571432,8,1.4896440368350374,0.0,0.0,0.0,0.0
operational-sufficiency-v2,equal_atlas_cells,unweighted,standard-unweighted-power-atlas-v4,finite_k2,13,1.6785714285714288,2.0,1.8392857142857144,6,1.7871513933187047,0.0,0.0,0.0,0.0
operational-sufficiency-v2,equal_atlas_cells,unweighted,standard-unweighted-power-atlas-v4,finite_k3,0,-2.5,-2.1785714285714284,-2.3392857142857144,2,-2.301073422940844,0.816338,0.816338,0.815207,0.817469
operational-sufficiency-v2,equal_atlas_cells,unweighted,standard-unweighted-power-atlas-v4,finite_k3,1,-2.1785714285714284,-1.8571428571428572,-2.017857142857143,7,-2.000664162316978,0.7755085714285714,0.8072940000000001,0.728224,0.814665
operational-sufficiency-v2,equal_atlas_cells,unweighted,standard-unweighted-power-atlas-v4,finite_k3,2,-1.8571428571428572,-1.5357142857142856,-1.6964285714285714,17,-1.6939561263305583,0.6794017647058823,0.6473599999999999,0.6186,0.72504
operational-sufficiency-v2,equal_atlas_cells,unweighted,standard-unweighted-power-atlas-v4,finite_k3,3,-1.5357142857142856,-1.2142857142857142,-1.375,27,-1.392354665888682,0.6386778518518519,0.61364,0.605072,0.6685000000000001
operational-sufficiency-v2,equal_atlas_cells,unweighted,standard-unweighted-power-atlas-v4,finite_k3,4,-1.2142857142857142,-0.8928571428571428,-1.0535714285714284,38,-1.026217307276483,0.5855664210526315,0.596764,0.4942,0.6781449999999999
operational-sufficiency-v2,equal_atlas_cells,unweighted,standard-unweighted-power-atlas-v4,finite_k3,5,-0.8928571428571428,-0.5714285714285712,-0.732142857142857,30,-0.7001097328379919,0.5155796,0.5787680000000001,0.341688,0.6379699999999999
operational-sufficiency-v2,equal_atlas_cells,unweighted,standard-unweighted-power-atlas-v4,finite_k3,6,-0.5714285714285712,-0.25,-0.4107142857142856,39,-0.4003246956427074,0.39768887179487183,0.3648,0.25783999999999996,0.554466
operational-sufficiency-v2,equal_atlas_cells,unweighted,standard-unweighted-power-atlas-v4,finite_k3,7,-0.25,0.07142857142857162,-0.08928571428571419,30,-0.10128011476902152,0.2213451333333333,0.18879599999999996,0.08861000000000001,0.338322
operational-sufficiency-v2,equal_atlas_cells,unweighted,standard-unweighted-power-atlas-v4,finite_k3,8,0.07142857142857162,0.39285714285714324,0.23214285714285743,42,0.21070394230970715,0.01797823809523808,0.00459999999999995,0.0,0.027079999999999903
operational-sufficiency-v2,equal_atlas_cells,unweighted,standard-unweighted-power-atlas-v4,finite_k3,9,0.39285714285714324,0.7142857142857144,0.5535714285714288,39,0.5740466129326236,0.0006379487179487179,0.0,0.0,0.0
operational-sufficiency-v2,equal_atlas_cells,unweighted,standard-unweighted-power-atlas-v4,finite_k3,10,0.7142857142857144,1.035714285714286,0.8750000000000002,22,0.8915241903866281,0.0,0.0,0.0,0.0
operational-sufficiency-v2,equal_atlas_cells,unweighted,standard-unweighted-power-atlas-v4,finite_k3,11,1.035714285714286,1.3571428571428577,1.1964285714285718,15,1.1927555284204805,0.0,0.0,0.0,0.0
operational-sufficiency-v2,equal_atlas_cells,unweighted,standard-unweighted-power-atlas-v4,finite_k3,12,1.3571428571428577,1.6785714285714288,1.5178571428571432,8,1.4896440368350374,0.0,0.0,0.0,0.0
operational-sufficiency-v2,equal_atlas_cells,unweighted,standard-unweighted-power-atlas-v4,finite_k3,13,1.6785714285714288,2.0,1.8392857142857144,6,1.7871513933187047,0.0,0.0,0.0,0.0
operational-sufficiency-v2,equal_atlas_cells,unweighted,standard-unweighted-power-atlas-v4,perfect,0,-2.5,-2.1785714285714284,-2.3392857142857144,2,-2.301073422940844,1.0,1.0,1.0,1.0
operational-sufficiency-v2,equal_atlas_cells,unweighted,standard-unweighted-power-atlas-v4,perfect,1,-2.1785714285714284,-1.8571428571428572,-2.017857142857143,7,-2.000664162316978,1.0,1.0,1.0,1.0
operational-sufficiency-v2,equal_atlas_cells,unweighted,standard-unweighted-power-atlas-v4,perfect,2,-1.8571428571428572,-1.5357142857142856,-1.6964285714285714,17,-1.6939561263305583,1.0,1.0,1.0,1.0
operational-sufficiency-v2,equal_atlas_cells,unweighted,standard-unweighted-power-atlas-v4,perfect,3,-1.5357142857142856,-1.2142857142857142,-1.375,27,-1.392354665888682,1.0,1.0,1.0,1.0
operational-sufficiency-v2,equal_atlas_cells,unweighted,standard-unweighted-power-atlas-v4,perfect,4,-1.2142857142857142,-0.8928571428571428,-1.0535714285714284,38,-1.026217307276483,1.0,1.0,1.0,1.0
operational-sufficiency-v2,equal_atlas_cells,unweighted,standard-unweighted-power-atlas-v4,perfect,5,-0.8928571428571428,-0.5714285714285712,-0.732142857142857,30,-0.7001097328379919,1.0,1.0,1.0,1.0
operational-sufficiency-v2,equal_atlas_cells,unweighted,standard-unweighted-power-atlas-v4,perfect,6,-0.5714285714285712,-0.25,-0.4107142857142856,39,-0.4003246956427074,1.0,1.0,1.0,1.0
operational-sufficiency-v2,equal_atlas_cells,unweighted,standard-unweighted-power-atlas-v4,perfect,7,-0.25,0.07142857142857162,-0.08928571428571419,30,-0.10128011476902152,0.9874666666666666,1.0,1.0,1.0
operational-sufficiency-v2,equal_atlas_cells,unweighted,standard-unweighted-power-atlas-v4,perfect,8,0.07142857142857162,0.39285714285714324,0.23214285714285743,42,0.21070394230970715,0.06356190476190476,0.020999999999999998,0.0004,0.12769999999999998
operational-sufficiency-v2,equal_atlas_cells,unweighted,standard-unweighted-power-atlas-v4,perfect,9,0.39285714285714324,0.7142857142857144,0.5535714285714288,39,0.5740466129326236,0.0010256410256410254,0.0,0.0,0.0
operational-sufficiency-v2,equal_atlas_cells,unweighted,standard-unweighted-power-atlas-v4,perfect,10,0.7142857142857144,1.035714285714286,0.8750000000000002,22,0.8915241903866281,0.0,0.0,0.0,0.0
operational-sufficiency-v2,equal_atlas_cells,unweighted,standard-unweighted-power-atlas-v4,perfect,11,1.035714285714286,1.3571428571428577,1.1964285714285718,15,1.1927555284204805,0.0,0.0,0.0,0.0
operational-sufficiency-v2,equal_atlas_cells,unweighted,standard-unweighted-power-atlas-v4,perfect,12,1.3571428571428577,1.6785714285714288,1.5178571428571432,8,1.4896440368350374,0.0,0.0,0.0,0.0
operational-sufficiency-v2,equal_atlas_cells,unweighted,standard-unweighted-power-atlas-v4,perfect,13,1.6785714285714288,2.0,1.8392857142857144,6,1.7871513933187047,0.0,0.0,0.0,0.0
operational-sufficiency-v2,equal_atlas_cells,weighted,operational-envelope-v4,finite_k1,0,-2.5,-2.1785714285714284,-2.3392857142857144,1,-2.184798086384172,0.058,0.058,0.058,0.058
operational-sufficiency-v2,equal_atlas_cells,weighted,operational-envelope-v4,finite_k1,1,-2.1785714285714284,-1.8571428571428572,-2.017857142857143,5,-2.0119042275181593,0.025830000000000002,0.019,0.0072,0.037
operational-sufficiency-v2,equal_atlas_cells,weighted,operational-envelope-v4,finite_k1,2,-1.8571428571428572,-1.5357142857142856,-1.6964285714285714,20,-1.6499884761775334,0.01114,0.0062,0.003925,0.018
operational-sufficiency-v2,equal_atlas_cells,weighted,operational-envelope-v4,finite_k1,3,-1.5357142857142856,-1.2142857142857142,-1.375,26,-1.359928364236651,0.009509615384615379,0.00375,0.0021,0.013499999999999925
operational-sufficiency-v2,equal_atlas_cells,weighted,operational-envelope-v4,finite_k1,4,-1.2142857142857142,-0.8928571428571428,-1.0535714285714284,33,-1.0276348419358394,0.00844545454545454,0.0035,0.0008,0.013
operational-sufficiency-v2,equal_atlas_cells,weighted,operational-envelope-v4,finite_k1,5,-0.8928571428571428,-0.5714285714285712,-0.732142857142857,35,-0.7218446433157011,0.004472857142857145,0.0017,0.0004,0.0036
operational-sufficiency-v2,equal_atlas_cells,weighted,operational-envelope-v4,finite_k1,6,-0.5714285714285712,-0.25,-0.4107142857142856,40,-0.3984607935420004,0.003416249999999998,0.00064999999999995,0.0,0.002
operational-sufficiency-v2,equal_atlas_cells,weighted,operational-envelope-v4,finite_k1,7,-0.25,0.07142857142857162,-0.08928571428571419,32,-0.08814572889178635,0.002043749999999997,0.00044999999999995,0.0,0.002
operational-sufficiency-v2,equal_atlas_cells,weighted,operational-envelope-v4,finite_k1,8,0.07142857142857162,0.39285714285714324,0.23214285714285743,40,0.22059743046230365,0.0011975,0.0004,0.0,0.001
operational-sufficiency-v2,equal_atlas_cells,weighted,operational-envelope-v4,finite_k1,9,0.39285714285714324,0.7142857142857144,0.5535714285714288,35,0.5637832130663092,0.0007885714285714286,0.0,0.0,0.0004
operational-sufficiency-v2,equal_atlas_cells,weighted,operational-envelope-v4,finite_k1,10,0.7142857142857144,1.035714285714286,0.8750000000000002,26,0.8700679866681905,0.0002730769230769231,0.0,0.0,0.0
operational-sufficiency-v2,equal_atlas_cells,weighted,operational-envelope-v4,finite_k1,11,1.035714285714286,1.3571428571428577,1.1964285714285718,15,1.2065368410510282,3.3333333333333335e-05,0.0,0.0,0.0
operational-sufficiency-v2,equal_atlas_cells,weighted,operational-envelope-v4,finite_k1,12,1.3571428571428577,1.6785714285714288,1.5178571428571432,9,1.5191604859672958,0.0,0.0,0.0,0.0
operational-sufficiency-v2,equal_atlas_cells,weighted,operational-envelope-v4,finite_k1,13,1.6785714285714288,2.0,1.8392857142857144,5,1.8205378286461928,0.0,0.0,0.0,0.0
operational-sufficiency-v2,equal_atlas_cells,weighted,operational-envelope-v4,finite_k2,0,-2.5,-2.1785714285714284,-2.3392857142857144,1,-2.184798086384172,0.381,0.381,0.381,0.381
operational-sufficiency-v2,equal_atlas_cells,weighted,operational-envelope-v4,finite_k2,1,-2.1785714285714284,-1.8571428571428572,-2.017857142857143,5,-2.0119042275181593,0.32058,0.3257000000000001,0.311,0.3312
operational-sufficiency-v2,equal_atlas_cells,weighted,operational-envelope-v4,finite_k2,2,-1.8571428571428572,-1.5357142857142856,-1.6964285714285714,20,-1.6499884761775334,0.19829999999999998,0.19389999999999996,0.15389999999999998,0.22895
operational-sufficiency-v2,equal_atlas_cells,weighted,operational-envelope-v4,finite_k2,3,-1.5357142857142856,-1.2142857142857142,-1.375,26,-1.359928364236651,0.16786153846153842,0.13959999999999995,0.10784999999999992,0.2095
operational-sufficiency-v2,equal_atlas_cells,weighted,operational-envelope-v4,finite_k2,4,-1.2142857142857142,-0.8928571428571428,-1.0535714285714284,33,-1.0276348419358394,0.12762272727272728,0.1158,0.066,0.1703
operational-sufficiency-v2,equal_atlas_cells,weighted,operational-envelope-v4,finite_k2,5,-0.8928571428571428,-0.5714285714285712,-0.732142857142857,35,-0.7218446433157011,0.08297857142857142,0.0564,0.028,0.12454999999999995
operational-sufficiency-v2,equal_atlas_cells,weighted,operational-envelope-v4,finite_k2,6,-0.5714285714285712,-0.25,-0.4107142857142856,40,-0.3984607935420004,0.046579999999999996,0.0241,0.01195,0.08175
operational-sufficiency-v2,equal_atlas_cells,weighted,operational-envelope-v4,finite_k2,7,-0.25,0.07142857142857162,-0.08928571428571419,32,-0.08814572889178635,0.028310937499999998,0.0133,0.008749999999999999,0.033225000000000005
operational-sufficiency-v2,equal_atlas_cells,weighted,operational-envelope-v4,finite_k2,8,0.07142857142857162,0.39285714285714324,0.23214285714285743,40,0.22059743046230365,0.011621249999999993,0.00515,0.003,0.0165
operational-sufficiency-v2,equal_atlas_cells,weighted,operational-envelope-v4,finite_k2,9,0.39285714285714324,0.7142857142857144,0.5535714285714288,35,0.5637832130663092,0.004548571428571428,0.003,0.001,0.006
operational-sufficiency-v2,equal_atlas_cells,weighted,operational-envelope-v4,finite_k2,10,0.7142857142857144,1.035714285714286,0.8750000000000002,26,0.8700679866681905,0.00257307692307692,0.0006,0.0,0.00215
operational-sufficiency-v2,equal_atlas_cells,weighted,operational-envelope-v4,finite_k2,11,1.035714285714286,1.3571428571428577,1.1964285714285718,15,1.2065368410510282,0.00042000000000000007,0.0,0.0,0.0007
operational-sufficiency-v2,equal_atlas_cells,weighted,operational-envelope-v4,finite_k2,12,1.3571428571428577,1.6785714285714288,1.5178571428571432,9,1.5191604859672958,0.0006888888888888888,0.0,0.0,0.002
operational-sufficiency-v2,equal_atlas_cells,weighted,operational-envelope-v4,finite_k2,13,1.6785714285714288,2.0,1.8392857142857144,5,1.8205378286461928,0.0,0.0,0.0,0.0
operational-sufficiency-v2,equal_atlas_cells,weighted,operational-envelope-v4,finite_k3,0,-2.5,-2.1785714285714284,-2.3392857142857144,1,-2.184798086384172,0.8030000000000002,0.8030000000000002,0.8030000000000002,0.8030000000000002
operational-sufficiency-v2,equal_atlas_cells,weighted,operational-envelope-v4,finite_k3,1,-2.1785714285714284,-1.8571428571428572,-2.017857142857143,5,-2.0119042275181593,0.80332,0.8142500000000001,0.806,0.8143500000000001
operational-sufficiency-v2,equal_atlas_cells,weighted,operational-envelope-v4,finite_k3,2,-1.8571428571428572,-1.5357142857142856,-1.6964285714285714,20,-1.6499884761775334,0.6868174999999999,0.69705,0.6138250000000001,0.7309749999999999
operational-sufficiency-v2,equal_atlas_cells,weighted,operational-envelope-v4,finite_k3,3,-1.5357142857142856,-1.2142857142857142,-1.375,26,-1.359928364236651,0.6488692307692309,0.6182,0.6032,0.70365
operational-sufficiency-v2,equal_atlas_cells,weighted,operational-envelope-v4,finite_k3,4,-1.2142857142857142,-0.8928571428571428,-1.0535714285714284,33,-1.0276348419358394,0.5859181818181818,0.5886,0.5516000000000001,0.6874999999999999
operational-sufficiency-v2,equal_atlas_cells,weighted,operational-envelope-v4,finite_k3,5,-0.8928571428571428,-0.5714285714285712,-0.732142857142857,35,-0.7218446433157011,0.4863428571428571,0.5134000000000001,0.3687499999999999,0.59625
operational-sufficiency-v2,equal_atlas_cells,weighted,operational-envelope-v4,finite_k3,6,-0.5714285714285712,-0.25,-0.4107142857142856,40,-0.3984607935420004,0.33063125,0.3192,0.20174999999999998,0.47592500000000004
operational-sufficiency-v2,equal_atlas_cells,weighted,operational-envelope-v4,finite_k3,7,-0.25,0.07142857142857162,-0.08928571428571419,32,-0.08814572889178635,0.17793593749999997,0.1587,0.08449999999999999,0.2515
operational-sufficiency-v2,equal_atlas_cells,weighted,operational-envelope-v4,finite_k3,8,0.07142857142857162,0.39285714285714324,0.23214285714285743,40,0.22059743046230365,0.05329374999999999,0.0412,0.0269,0.07535
operational-sufficiency-v2,equal_atlas_cells,weighted,operational-envelope-v4,finite_k3,9,0.39285714285714324,0.7142857142857144,0.5535714285714288,35,0.5637832130663092,0.01931999999999999,0.0176,0.0114,0.023
operational-sufficiency-v2,equal_atlas_cells,weighted,operational-envelope-v4,finite_k3,10,0.7142857142857144,1.035714285714286,0.8750000000000002,26,0.8700679866681905,0.009611538461538453,0.006200000000000001,0.0029249999999999996,0.012949999999999925
operational-sufficiency-v2,equal_atlas_cells,weighted,operational-envelope-v4,finite_k3,11,1.035714285714286,1.3571428571428577,1.1964285714285718,15,1.2065368410510282,0.002673333333333333,0.0015,0.0002,0.0049
operational-sufficiency-v2,equal_atlas_cells,weighted,operational-envelope-v4,finite_k3,12,1.3571428571428577,1.6785714285714288,1.5178571428571432,9,1.5191604859672958,0.002266666666666667,0.002,0.0,0.003
operational-sufficiency-v2,equal_atlas_cells,weighted,operational-envelope-v4,finite_k3,13,1.6785714285714288,2.0,1.8392857142857144,5,1.8205378286461928,0.00288,0.0014,0.0,0.005
operational-sufficiency-v2,equal_atlas_cells,weighted,operational-envelope-v4,perfect,0,-2.5,-2.1785714285714284,-2.3392857142857144,1,-2.184798086384172,1.0,1.0,1.0,1.0
operational-sufficiency-v2,equal_atlas_cells,weighted,operational-envelope-v4,perfect,1,-2.1785714285714284,-1.8571428571428572,-2.017857142857143,5,-2.0119042275181593,1.0,1.0,1.0,1.0
operational-sufficiency-v2,equal_atlas_cells,weighted,operational-envelope-v4,perfect,2,-1.8571428571428572,-1.5357142857142856,-1.6964285714285714,20,-1.6499884761775334,1.0,1.0,1.0,1.0
operational-sufficiency-v2,equal_atlas_cells,weighted,operational-envelope-v4,perfect,3,-1.5357142857142856,-1.2142857142857142,-1.375,26,-1.359928364236651,0.9994692307692309,1.0,1.0,1.0
operational-sufficiency-v2,equal_atlas_cells,weighted,operational-envelope-v4,perfect,4,-1.2142857142857142,-0.8928571428571428,-1.0535714285714284,33,-1.0276348419358394,0.9973772727272726,0.9992,0.9969,1.0
operational-sufficiency-v2,equal_atlas_cells,weighted,operational-envelope-v4,perfect,5,-0.8928571428571428,-0.5714285714285712,-0.732142857142857,35,-0.7218446433157011,0.9826471428571427,0.984,0.973,0.995
operational-sufficiency-v2,equal_atlas_cells,weighted,operational-envelope-v4,perfect,6,-0.5714285714285712,-0.25,-0.4107142857142856,40,-0.3984607935420004,0.930015,0.9329000000000001,0.8973125000000001,0.9585875
operational-sufficiency-v2,equal_atlas_cells,weighted,operational-envelope-v4,perfect,7,-0.25,0.07142857142857162,-0.08928571428571419,32,-0.08814572889178635,0.7168453125,0.7467,0.6622999999999999,0.7749
operational-sufficiency-v2,equal_atlas_cells,weighted,operational-envelope-v4,perfect,8,0.07142857142857162,0.39285714285714324,0.23214285714285743,40,0.22059743046230365,0.23079624999999995,0.21119999999999994,0.15204999999999996,0.32165
operational-sufficiency-v2,equal_atlas_cells,weighted,operational-envelope-v4,perfect,9,0.39285714285714324,0.7142857142857144,0.5535714285714288,35,0.5637832130663092,0.07430571428571428,0.0756,0.05604999999999995,0.09049999999999994
operational-sufficiency-v2,equal_atlas_cells,weighted,operational-envelope-v4,perfect,10,0.7142857142857144,1.035714285714286,0.8750000000000002,26,0.8700679866681905,0.03242307692307691,0.0315,0.020949999999999976,0.0414
operational-sufficiency-v2,equal_atlas_cells,weighted,operational-envelope-v4,perfect,11,1.035714285714286,1.3571428571428577,1.1964285714285718,15,1.2065368410510282,0.013553333333333318,0.0139999999999999,0.0064,0.0199
operational-sufficiency-v2,equal_atlas_cells,weighted,operational-envelope-v4,perfect,12,1.3571428571428577,1.6785714285714288,1.5178571428571432,9,1.5191604859672958,0.007333333333333323,0.0069999999999999,0.0054,0.0086
operational-sufficiency-v2,equal_atlas_cells,weighted,operational-envelope-v4,perfect,13,1.6785714285714288,2.0,1.8392857142857144,5,1.8205378286461928,0.00815999999999998,0.0069999999999999,0.005,0.0132
