summary_version,score_regime,target_log10_neff,rho,alpha,m,pi1,neff_half_width,accepted_trials,attempts_for_cell,acceptance_rate,n_cal_min,n_cal_mean,n_cal_max,log10_neff_min,log10_neff_q25,log10_neff_mean,log10_neff_median,log10_neff_q75,log10_neff_max,discovery_probability,power_mean,power_standard_error,power_ci95_low,power_ci95_high,fdr_mean,auroc_mean,mean_log10_rank_delta,median_log10_rank_delta,rank_delta_above_one_rate,perfect_separation_rate
operational-sufficiency-v2,finite_k3,2.1,0.0,0.1,500,0.05,0.08,100,200,0.5,107,125.81,145,2.0293837776852097,2.0293837776852097,2.096364205039309,2.100370545117563,2.161368002234975,2.161368002234975,0.02,0.018000000000000002,0.012666666666666665,0.0,0.042826666666666666,0.008545688545688546,0.9832934736842105,0.20117424847408816,0.1972262747080242,1.0,0.0
operational-sufficiency-v2,finite_k3,2.4,0.0,0.1,500,0.05,0.08,100,200,0.5,214,250.96,289,2.330413773349191,2.330413773349191,2.3963292991371277,2.399673721481038,2.460897842756548,2.460897842756548,0.23,0.17880000000000001,0.033080031512205135,0.11396313823607795,0.24363686176392207,0.04354681444352398,0.9823882105263156,-0.09705259847188968,-0.1003705451175629,0.0,0.0
operational-sufficiency-v2,finite_k3,2.7,0.0,0.1,500,0.05,0.08,100,200,0.5,426,500.25,576,2.629409599102719,2.629409599102719,2.695885132760775,2.699837725867246,2.760422483423212,2.760422483423212,0.85,0.5032000000000001,0.02469812899305484,0.45479166717361263,0.5516083328263875,0.08057805277897145,0.9823048421052633,-0.3957357268437745,-0.3996737214810381,0.0,0.0
operational-sufficiency-v2,finite_k3,3.0,0.0,0.1,500,0.05,0.08,100,200,0.5,850,998.5,1150,2.929418925714293,2.929418925714293,2.9960327220595513,3.0,3.060697840353612,3.060697840353612,0.92,0.5252,0.020933024510364363,0.48417127195968584,0.5662287280403141,0.06397261340534323,0.9826585263157896,-0.6954441571307851,-0.6994040818153374,0.0,0.0
operational-sufficiency-v2,finite_k3,2.1,0.5,0.1,500,0.05,0.08,100,218,0.45871559633027525,137,161.68,186,2.0209058954846624,2.0431621308583647,2.099069524110698,2.104789822713455,2.146121435516211,2.179488521122641,0.05,0.0036,0.0017145839086489696,0.00023941553904801953,0.00696058446095198,0.011666666666666665,0.9836850526315791,0.3619821357099009,0.3704126306173805,1.0,0.0
operational-sufficiency-v2,finite_k3,2.4,0.5,0.1,500,0.05,0.08,100,220,0.45454545454545453,274,326.08,371,2.3201595452815136,2.3476970006025786,2.40301539794007,2.402607778911489,2.4571825557724436,2.4792798054033014,0.28,0.09119999999999999,0.018024270954308898,0.05587242892955455,0.12652757107044543,0.05356041161281099,0.9834576842105264,0.059793790434307284,0.04802813315895,0.78,0.0
operational-sufficiency-v2,finite_k3,2.7,0.5,0.1,500,0.05,0.08,100,202,0.49504950495049505,547,645.6,740,2.6201969226713664,2.6335023045059707,2.698517512296965,2.7002113047063707,2.758531241014277,2.772290967713136,0.68,0.33,0.029505691969277027,0.27216884374021705,0.387831156259783,0.08640020185827547,0.9820808421052631,-0.2221974313496165,-0.2270033467244166,0.0,0.0
operational-sufficiency-v2,finite_k3,3.0,0.5,0.1,500,0.05,0.08,100,201,0.4975124378109453,1091,1284.0,1477,2.921565919190656,2.934558620186502,2.9967948068186967,2.999510027648051,3.0550093245253005,3.0703300733764385,0.88,0.5055999999999999,0.022681064945692185,0.46114511270644326,0.5500548872935567,0.07236528054811132,0.9826391578947367,-0.5217536162668232,-0.5315062690825183,0.0,0.0
operational-sufficiency-v2,finite_k3,2.1,1.0,0.1,500,0.05,0.08,100,286,0.34965034965034963,240,332.74,548,2.021589069228681,2.0704404451535527,2.1096645537882566,2.115253026802229,2.152199207110456,2.1795838884728447,0.22,0.036000000000000004,0.008575275711914663,0.019192459604647265,0.052807540395352744,0.07007159507159506,0.983424842105263,0.1755746254867307,0.1686705958805722,0.92,0.0
operational-sufficiency-v2,finite_k3,2.4,1.0,0.1,500,0.05,0.08,100,267,0.37453183520599254,478,671.45,922,2.320702929213319,2.3618260898606356,2.398942040455185,2.4003780686970844,2.4349798420754944,2.4776444564009457,0.46,0.15760000000000002,0.021042103055780827,0.11635747801066959,0.19884252198933045,0.05685110211426001,0.9831738947368421,-0.11960252307045384,-0.13181159753942284,0.23,0.0
operational-sufficiency-v2,finite_k3,2.7,1.0,0.1,500,0.05,0.08,100,237,0.4219409282700422,954,1382.08,2180,2.6229875779318497,2.664275872856519,2.700038945957188,2.7013440153343784,2.7299880765057685,2.7754292252364663,0.76,0.3808,0.026554187023609826,0.3287537934337248,0.43284620656627526,0.08467097364479244,0.9835654736842107,-0.4469183229027398,-0.45357951555493137,0.0,0.0
operational-sufficiency-v2,finite_k3,3.0,1.0,0.1,500,0.05,0.08,100,237,0.4219409282700422,2311,2740.06,3670,2.921136777224337,2.9623069029847917,3.0040181938005492,3.0065469765902755,3.0380691357476843,3.0794602931009467,0.94,0.5096,0.02156405538966372,0.4673344514362592,0.5518655485637409,0.08610084492017457,0.9833490526315789,-0.7515291983118421,-0.7302234239781168,0.0,0.0
operational-sufficiency-v2,finite_k3,2.1,1.5,0.1,500,0.05,0.08,100,448,0.22321428571428573,836,1109.42,1911,2.020627749169749,2.0686391695313024,2.1113606759484362,2.121745211621591,2.1496324692078073,2.1799644618623155,0.59,0.19999999999999996,0.01993930183270612,0.16091896840789596,0.23908103159210395,0.07985840624915533,0.9831410526315788,-0.3715156962859615,-0.35015703951753424,0.02,0.0
operational-sufficiency-v2,finite_k3,2.4,1.5,0.1,500,0.05,0.08,100,356,0.2808988764044944,1668,2198.45,3813,2.3230352461821737,2.3678264220598804,2.405890400109079,2.4018577104500434,2.4478597338855064,2.4794405851114507,0.56,0.22760000000000002,0.023349397067897563,0.18183518174692082,0.27336481825307923,0.06627295949664369,0.9845069473684211,-0.6103680747284898,-0.598572568191146,0.0,0.0
operational-sufficiency-v2,finite_k3,2.7,1.5,0.1,500,0.05,0.08,100,349,0.28653295128939826,3329,4379.54,7608,2.622904555547957,2.6631542069829544,2.7054309640674514,2.7094461968699495,2.750067726390519,2.779828126883891,0.77,0.39519999999999994,0.025484588331465007,0.34525020687032854,0.44514979312967135,0.09147067696416195,0.982128,-0.9178096419968205,-0.8995471935868877,0.0,0.0
operational-sufficiency-v2,finite_k3,3.0,1.5,0.1,500,0.05,0.08,100,284,0.352112676056338,6641,9084.61,15180,2.9235446925353537,2.97761329192336,3.009017938286898,3.0140296752880547,3.0479957875176753,3.078042799019668,0.92,0.5124,0.02087921976946979,0.4714767292518392,0.5533232707481608,0.08426544599565194,0.983525052631579,-1.2914121925008226,-1.2446323928371084,0.0,0.0
operational-sufficiency-v2,perfect,2.1,0.0,0.1,500,0.05,0.08,100,200,0.5,107,125.81,145,2.0293837776852097,2.0293837776852097,2.096364205039309,2.100370545117563,2.161368002234975,2.161368002234975,0.04,0.04,0.019694638556693237,0.0013985084288812566,0.07860149157111875,0.013946886446886447,1.0,0.20117424847408816,0.1972262747080242,1.0,1.0
operational-sufficiency-v2,perfect,2.4,0.0,0.1,500,0.05,0.08,100,200,0.5,214,250.96,289,2.330413773349191,2.330413773349191,2.3963292991371277,2.399673721481038,2.460897842756548,2.460897842756548,1.0,1.0,0.0,1.0,1.0,0.06803972966688479,1.0,-0.09705259847188968,-0.1003705451175629,0.0,1.0
operational-sufficiency-v2,perfect,2.7,0.0,0.1,500,0.05,0.08,100,200,0.5,426,500.25,576,2.629409599102719,2.629409599102719,2.695885132760775,2.699837725867246,2.760422483423212,2.760422483423212,1.0,1.0,0.0,1.0,1.0,0.08712945930647611,1.0,-0.3957357268437745,-0.3996737214810381,0.0,1.0
operational-sufficiency-v2,perfect,3.0,0.0,0.1,500,0.05,0.08,100,200,0.5,850,998.5,1150,2.929418925714293,2.929418925714293,2.9960327220595513,3.0,3.060697840353612,3.060697840353612,1.0,1.0,0.0,1.0,1.0,0.07772203448510452,1.0,-0.6954441571307851,-0.6994040818153374,0.0,1.0
operational-sufficiency-v2,perfect,2.1,0.5,0.1,500,0.05,0.08,100,218,0.45871559633027525,137,161.68,186,2.0209058954846624,2.0431621308583647,2.099069524110698,2.104789822713455,2.146121435516211,2.179488521122641,0.25,0.084,0.015626964522965435,0.053371149534987755,0.11462885046501226,0.030681991211402974,1.0,0.3619821357099009,0.3704126306173805,1.0,1.0
operational-sufficiency-v2,perfect,2.4,0.5,0.1,500,0.05,0.08,100,220,0.45454545454545453,274,326.08,371,2.3201595452815136,2.3476970006025786,2.40301539794007,2.402607778911489,2.4571825557724436,2.4792798054033014,0.84,0.6911999999999999,0.0318231476644396,0.6288266305776983,0.7535733694223016,0.06768314025201647,1.0,0.059793790434307284,0.04802813315895,0.78,1.0
operational-sufficiency-v2,perfect,2.7,0.5,0.1,500,0.05,0.08,100,202,0.49504950495049505,547,645.6,740,2.6201969226713664,2.6335023045059707,2.698517512296965,2.7002113047063707,2.758531241014277,2.772290967713136,0.99,0.9756,0.010231976022906491,0.9555453269951033,0.9956546730048967,0.08550405234369189,1.0,-0.2221974313496165,-0.2270033467244166,0.0,1.0
operational-sufficiency-v2,perfect,3.0,0.5,0.1,500,0.05,0.08,100,201,0.4975124378109453,1091,1284.0,1477,2.921565919190656,2.934558620186502,2.9967948068186967,2.999510027648051,3.0550093245253005,3.0703300733764385,0.99,0.99,0.009999999999999998,0.9704,1.0,0.08442595540968728,1.0,-0.5217536162668232,-0.5315062690825183,0.0,1.0
operational-sufficiency-v2,perfect,2.1,1.0,0.1,500,0.05,0.08,100,286,0.34965034965034963,240,332.74,548,2.021589069228681,2.0704404451535527,2.1096645537882566,2.115253026802229,2.152199207110456,2.1795838884728447,0.52,0.3004,0.03082958044318849,0.23997402233135057,0.36082597766864943,0.060478829386539014,1.0,0.1755746254867307,0.1686705958805722,0.92,1.0
operational-sufficiency-v2,perfect,2.4,1.0,0.1,500,0.05,0.08,100,267,0.37453183520599254,478,671.45,922,2.320702929213319,2.3618260898606356,2.398942040455185,2.4003780686970844,2.4349798420754944,2.4776444564009457,0.8,0.6255999999999999,0.032593089680935355,0.5617175442253667,0.6894824557746332,0.06188312416001179,1.0,-0.11960252307045384,-0.13181159753942284,0.23,1.0
operational-sufficiency-v2,perfect,2.7,1.0,0.1,500,0.05,0.08,100,237,0.4219409282700422,954,1382.08,2180,2.6229875779318497,2.664275872856519,2.700038945957188,2.7013440153343784,2.7299880765057685,2.7754292252364663,0.94,0.8844,0.022910594787900064,0.8394952342157158,0.9293047657842841,0.08931451447892283,1.0,-0.4469183229027398,-0.45357951555493137,0.0,1.0
operational-sufficiency-v2,perfect,3.0,1.0,0.1,500,0.05,0.08,100,237,0.4219409282700422,2311,2740.06,3670,2.921136777224337,2.9623069029847917,3.0040181938005492,3.0065469765902755,3.0380691357476843,3.0794602931009467,0.98,0.9651999999999998,0.014037813291969731,0.9376858859477392,0.9927141140522605,0.08759699998440997,1.0,-0.7515291983118421,-0.7302234239781168,0.0,1.0
operational-sufficiency-v2,perfect,2.1,1.5,0.1,500,0.05,0.08,100,448,0.22321428571428573,836,1109.42,1911,2.020627749169749,2.0686391695313024,2.1113606759484362,2.121745211621591,2.1496324692078073,2.1799644618623155,0.76,0.5271999999999999,0.03136429160492531,0.4657259884543463,0.5886740115456535,0.08872142612725656,1.0,-0.3715156962859615,-0.35015703951753424,0.02,1.0
operational-sufficiency-v2,perfect,2.4,1.5,0.1,500,0.05,0.08,100,356,0.2808988764044944,1668,2198.45,3813,2.3230352461821737,2.3678264220598804,2.405890400109079,2.4018577104500434,2.4478597338855064,2.4794405851114507,0.77,0.6288,0.03534570395223142,0.5595224202536264,0.6980775797463736,0.06887877247750378,1.0,-0.6103680747284898,-0.598572568191146,0.0,1.0
operational-sufficiency-v2,perfect,2.7,1.5,0.1,500,0.05,0.08,100,349,0.28653295128939826,3329,4379.54,7608,2.622904555547957,2.6631542069829544,2.7054309640674514,2.7094461968699495,2.750067726390519,2.779828126883891,0.87,0.7948,0.031303815883832575,0.7334445208676881,0.8561554791323118,0.08383115625055071,1.0,-0.9178096419968205,-0.8995471935868877,0.0,1.0
operational-sufficiency-v2,perfect,3.0,1.5,0.1,500,0.05,0.08,100,284,0.352112676056338,6641,9084.61,15180,2.9235446925353537,2.97761329192336,3.009017938286898,3.0140296752880547,3.0479957875176753,3.078042799019668,0.97,0.9400000000000002,0.017079729849068796,0.9065237294958253,0.9734762705041751,0.08892206075458053,1.0,-1.2914121925008226,-1.2446323928371084,0.0,1.0
